    Checking rebound_rs v5.1.1 (C:\work\rebound_rust)
error: manual `!Range::contains` implementation
   --> src\tools.rs:105:11
    |
105 |     while rsq >= 1. || rsq < 1.0e-12 {
    |           ^^^^^^^^^^^^^^^^^^^^^^^^^^ help: use: `!(1.0e-12..1.).contains(&rsq)`
    |
    = help: for further information visit https://rust-lang.github.io/rust-clippy/rust-1.91.0/index.html#manual_range_contains
note: the lint level is defined here
   --> src\lib.rs:27:9
    |
 27 | #![deny(warnings)]
    |         ^^^^^^^^
    = note: `#[deny(clippy::manual_range_contains)]` implied by `#[deny(warnings)]`

error: the loop variable `i` is only used to index `particles`
   --> src\tools.rs:128:14
    |
128 |     for i in 0..N_interact {
    |              ^^^^^^^^^^^^^
    |
    = help: for further information visit https://rust-lang.github.io/rust-clippy/rust-1.91.0/index.html#needless_range_loop
    = note: `#[deny(clippy::needless_range_loop)]` implied by `#[deny(warnings)]`
help: consider using an iterator
    |
128 -     for i in 0..N_interact {
128 +     for <item> in particles.iter().take(N_interact) {
    |

error: the loop variable `j` is only used to index `particles`
   --> src\tools.rs:134:18
    |
134 |         for j in (i + 1)..N_interact {
    |                  ^^^^^^^^^^^^^^^^^^^
    |
    = help: for further information visit https://rust-lang.github.io/rust-clippy/rust-1.91.0/index.html#needless_range_loop
help: consider using an iterator
    |
134 -         for j in (i + 1)..N_interact {
134 +         for <item> in particles.iter().take(N_interact).skip((i + 1)) {
    |

error: this function has too many arguments (10/7)
   --> src\tools.rs:421:1
    |
421 | / pub fn reb_particle_from_orbit_err(
422 | |     G: f64,
423 | |     primary: reb_particle,
424 | |     m: f64,
...   |
431 | |     err: &mut i32,
432 | | ) -> reb_particle {
    | |_________________^
    |
    = help: for further information visit https://rust-lang.github.io/rust-clippy/rust-1.91.0/index.html#too_many_arguments
    = note: `#[deny(clippy::too_many_arguments)]` implied by `#[deny(warnings)]`

error: field assignment outside of initializer for an instance created with Default::default()
   --> src\tools.rs:460:5
    |
460 |     p.m = m;
    |     ^^^^^^^^
    |
note: consider initializing the variable with `types::reb_particle { m: m, ..Default::default() }` and removing relevant reassignments
   --> src\tools.rs:459:5
    |
459 |     let mut p = reb_particle::default();
    |     ^^^^^^^^^^^^^^^^^^^^^^^^^^^^^^^^^^^^
    = help: for further information visit https://rust-lang.github.io/rust-clippy/rust-1.91.0/index.html#field_reassign_with_default
    = note: `#[deny(clippy::field_reassign_with_default)]` implied by `#[deny(warnings)]`

error: this function has too many arguments (9/7)
   --> src\tools.rs:491:1
    |
491 | / pub fn reb_particle_from_orbit(
492 | |     G: f64,
493 | |     primary: reb_particle,
494 | |     m: f64,
...   |
500 | |     f: f64,
501 | | ) -> reb_particle {
    | |_________________^
    |
    = help: for further information visit https://rust-lang.github.io/rust-clippy/rust-1.91.0/index.html#too_many_arguments

error: field assignment outside of initializer for an instance created with Default::default()
   --> src\tools.rs:508:5
    |
508 |     o.d = f64::NAN;
    |     ^^^^^^^^^^^^^^^
    |
note: consider initializing the variable with `types::reb_orbit { d: f64::NAN, v: f64::NAN, h: f64::NAN, P: f64::NAN, n: f64::NAN, a: f64::NAN, e: f64::NAN, inc: f64::NAN, Omega: f64::NAN, omega: f64::NAN, pomega: f64::NAN, f: f64::NAN, M: f64::NAN, l: f64::NAN, theta: f64::NAN, T: f64::NAN, rhill: f64::NAN, ..Default::default() }` and removing relevant reassignments
   --> src\tools.rs:507:5
    |
507 |     let mut o = reb_orbit::default();
    |     ^^^^^^^^^^^^^^^^^^^^^^^^^^^^^^^^^
    = help: for further information visit https://rust-lang.github.io/rust-clippy/rust-1.91.0/index.html#field_reassign_with_default

error: this function has too many arguments (9/7)
   --> src\tools.rs:731:1
    |
731 | / pub fn reb_tools_particle_to_pal(
732 | |     G: f64,
733 | |     p: reb_particle,
734 | |     primary: reb_particle,
...   |
740 | |     iy: &mut f64,
741 | | ) {
    | |_^
    |
    = help: for further information visit https://rust-lang.github.io/rust-clippy/rust-1.91.0/index.html#too_many_arguments

error: this function has too many arguments (9/7)
   --> src\tools.rs:772:1
    |
772 | / pub fn reb_particle_from_pal(
773 | |     G: f64,
774 | |     primary: reb_particle,
775 | |     m: f64,
...   |
781 | |     iy: f64,
782 | | ) -> reb_particle {
    | |_________________^
    |
    = help: for further information visit https://rust-lang.github.io/rust-clippy/rust-1.91.0/index.html#too_many_arguments

error: field assignment outside of initializer for an instance created with Default::default()
   --> src\tools.rs:784:5
    |
784 |     np.m = m;
    |     ^^^^^^^^^
    |
note: consider initializing the variable with `types::reb_particle { m: m, ..Default::default() }` and removing relevant reassignments
   --> src\tools.rs:783:5
    |
783 |     let mut np = reb_particle::default();
    |     ^^^^^^^^^^^^^^^^^^^^^^^^^^^^^^^^^^^^^
    = help: for further information visit https://rust-lang.github.io/rust-clippy/rust-1.91.0/index.html#field_reassign_with_default

error: float has excessive precision
    --> src\tools.rs:1168:13
     |
1168 |     let b = 2.123478623874623234567_f64;
     |             ^^^^^^^^^^^^^^^^^^^^^^^^^^^
     |
     = help: for further information visit https://rust-lang.github.io/rust-clippy/rust-1.91.0/index.html#excessive_precision
     = note: `#[deny(clippy::excessive_precision)]` implied by `#[deny(warnings)]`
help: consider changing the type or truncating it to
     |
1168 -     let b = 2.123478623874623234567_f64;
1168 +     let b = 2.123_478_623_874_623_f64;
     |

error: float has excessive precision
    --> src\tools.rs:1169:13
     |
1169 |     let c = 6.0284234234234567_f64;
     |             ^^^^^^^^^^^^^^^^^^^^^^
     |
     = help: for further information visit https://rust-lang.github.io/rust-clippy/rust-1.91.0/index.html#excessive_precision
help: consider changing the type or truncating it to
     |
1169 -     let c = 6.0284234234234567_f64;
1169 +     let c = 6.028_423_423_423_456_f64;
     |

error: float has excessive precision
    --> src\tools.rs:1181:51
     |
1181 |     reb_particle { m: 1.00000000000000000000, x: -0.00583761661678666201, y: 0.00660036108188146939, z: 0.00008090699630593683, vx: -0.00...
     |                                                   ^^^^^^^^^^^^^^^^^^^^^^
     |
     = help: for further information visit https://rust-lang.github.io/rust-clippy/rust-1.91.0/index.html#excessive_precision
help: consider changing the type or truncating it to
     |
1181 -     reb_particle { m: 1.00000000000000000000, x: -0.00583761661678666201, y: 0.00660036108188146939, z: 0.00008090699630593683, vx: -0.00043778026915688127, vy: -0.00027688340567327781, vz: 0.00001289781032896905, ax: 0., ay: 0., az: 0., r: 0., name: None }, // 0 Sun
1181 +     reb_particle { m: 1.00000000000000000000, x: -0.005_837_616_616_786_662, y: 0.00660036108188146939, z: 0.00008090699630593683, vx: -0.00043778026915688127, vy: -0.00027688340567327781, vz: 0.00001289781032896905, ax: 0., ay: 0., az: 0., r: 0., name: None }, // 0 Sun
     |

error: float has excessive precision
    --> src\tools.rs:1181:78
     |
1181 |     reb_particle { m: 1.00000000000000000000, x: -0.00583761661678666201, y: 0.00660036108188146939, z: 0.00008090699630593683, vx: -0.00...
     |                                                                              ^^^^^^^^^^^^^^^^^^^^^^
     |
     = help: for further information visit https://rust-lang.github.io/rust-clippy/rust-1.91.0/index.html#excessive_precision
help: consider changing the type or truncating it to
     |
1181 -     reb_particle { m: 1.00000000000000000000, x: -0.00583761661678666201, y: 0.00660036108188146939, z: 0.00008090699630593683, vx: -0.00043778026915688127, vy: -0.00027688340567327781, vz: 0.00001289781032896905, ax: 0., ay: 0., az: 0., r: 0., name: None }, // 0 Sun
1181 +     reb_particle { m: 1.00000000000000000000, x: -0.00583761661678666201, y: 0.006_600_361_081_881_469, z: 0.00008090699630593683, vx: -0.00043778026915688127, vy: -0.00027688340567327781, vz: 0.00001289781032896905, ax: 0., ay: 0., az: 0., r: 0., name: None }, // 0 Sun
     |

error: float has excessive precision
    --> src\tools.rs:1181:163
     |
1181 | ...00008090699630593683, vx: -0.00043778026915688127, vy: -0.00027688340567327781, vz: 0.00001289781032896905, ax: 0., ay: 0., az: 0., r:...
     |                                                            ^^^^^^^^^^^^^^^^^^^^^^
     |
     = help: for further information visit https://rust-lang.github.io/rust-clippy/rust-1.91.0/index.html#excessive_precision
help: consider changing the type or truncating it to
     |
1181 -     reb_particle { m: 1.00000000000000000000, x: -0.00583761661678666201, y: 0.00660036108188146939, z: 0.00008090699630593683, vx: -0.00043778026915688127, vy: -0.00027688340567327781, vz: 0.00001289781032896905, ax: 0., ay: 0., az: 0., r: 0., name: None }, // 0 Sun
1181 +     reb_particle { m: 1.00000000000000000000, x: -0.00583761661678666201, y: 0.00660036108188146939, z: 0.00008090699630593683, vx: -0.00043778026915688127, vy: -0.000_276_883_405_673_277_8, vz: 0.00001289781032896905, ax: 0., ay: 0., az: 0., r: 0., name: None }, // 0 Sun
     |

error: float has excessive precision
    --> src\tools.rs:1182:51
     |
1182 |     reb_particle { m: 0.00000016601141530543, x: -0.29485531126658365286, y: -0.34334233225957377922, z: -0.00200264586836620137, vx: 0.9...
     |                                                   ^^^^^^^^^^^^^^^^^^^^^^
     |
     = help: for further information visit https://rust-lang.github.io/rust-clippy/rust-1.91.0/index.html#excessive_precision
help: consider changing the type or truncating it to
     |
1182 -     reb_particle { m: 0.00000016601141530543, x: -0.29485531126658365286, y: -0.34334233225957377922, z: -0.00200264586836620137, vx: 0.92896432258229966195, vy: -0.96594579119516865706, vz: -0.16415293821738913271, ax: 0., ay: 0., az: 0., r: 0., name: None }, // 1 Mercury
1182 +     reb_particle { m: 0.00000016601141530543, x: -0.294_855_311_266_583_65, y: -0.34334233225957377922, z: -0.00200264586836620137, vx: 0.92896432258229966195, vy: -0.96594579119516865706, vz: -0.16415293821738913271, ax: 0., ay: 0., az: 0., r: 0., name: None }, // 1 Mercury
     |

error: float has excessive precision
    --> src\tools.rs:1182:79
     |
1182 |     reb_particle { m: 0.00000016601141530543, x: -0.29485531126658365286, y: -0.34334233225957377922, z: -0.00200264586836620137, vx: 0.9...
     |                                                                               ^^^^^^^^^^^^^^^^^^^^^^
     |
     = help: for further information visit https://rust-lang.github.io/rust-clippy/rust-1.91.0/index.html#excessive_precision
help: consider changing the type or truncating it to
     |
1182 -     reb_particle { m: 0.00000016601141530543, x: -0.29485531126658365286, y: -0.34334233225957377922, z: -0.00200264586836620137, vx: 0.92896432258229966195, vy: -0.96594579119516865706, vz: -0.16415293821738913271, ax: 0., ay: 0., az: 0., r: 0., name: None }, // 1 Mercury
1182 +     reb_particle { m: 0.00000016601141530543, x: -0.29485531126658365286, y: -0.343_342_332_259_573_8, z: -0.00200264586836620137, vx: 0.92896432258229966195, vy: -0.96594579119516865706, vz: -0.16415293821738913271, ax: 0., ay: 0., az: 0., r: 0., name: None }, // 1 Mercury
     |

error: float has excessive precision
    --> src\tools.rs:1182:107
     |
1182 |     reb_particle { m: 0.00000016601141530543, x: -0.29485531126658365286, y: -0.34334233225957377922, z: -0.00200264586836620137, vx: 0.9...
     |                                                                                                           ^^^^^^^^^^^^^^^^^^^^^^
     |
     = help: for further information visit https://rust-lang.github.io/rust-clippy/rust-1.91.0/index.html#excessive_precision
help: consider changing the type or truncating it to
     |
1182 -     reb_particle { m: 0.00000016601141530543, x: -0.29485531126658365286, y: -0.34334233225957377922, z: -0.00200264586836620137, vx: 0.92896432258229966195, vy: -0.96594579119516865706, vz: -0.16415293821738913271, ax: 0., ay: 0., az: 0., r: 0., name: None }, // 1 Mercury
1182 +     reb_particle { m: 0.00000016601141530543, x: -0.29485531126658365286, y: -0.34334233225957377922, z: -0.002_002_645_868_366_201_4, vx: 0.92896432258229966195, vy: -0.96594579119516865706, vz: -0.16415293821738913271, ax: 0., ay: 0., az: 0., r: 0., name: None }, // 1 Mercury
     |

error: float has excessive precision
    --> src\tools.rs:1182:135
     |
1182 | ...0.34334233225957377922, z: -0.00200264586836620137, vx: 0.92896432258229966195, vy: -0.96594579119516865706, vz: -0.164152938217389132...
     |                                                            ^^^^^^^^^^^^^^^^^^^^^^
     |
     = help: for further information visit https://rust-lang.github.io/rust-clippy/rust-1.91.0/index.html#excessive_precision
help: consider changing the type or truncating it to
     |
1182 -     reb_particle { m: 0.00000016601141530543, x: -0.29485531126658365286, y: -0.34334233225957377922, z: -0.00200264586836620137, vx: 0.92896432258229966195, vy: -0.96594579119516865706, vz: -0.16415293821738913271, ax: 0., ay: 0., az: 0., r: 0., name: None }, // 1 Mercury
1182 +     reb_particle { m: 0.00000016601141530543, x: -0.29485531126658365286, y: -0.34334233225957377922, z: -0.00200264586836620137, vx: 0.928_964_322_582_299_7, vy: -0.96594579119516865706, vz: -0.16415293821738913271, ax: 0., ay: 0., az: 0., r: 0., name: None }, // 1 Mercury
     |

error: float has excessive precision
    --> src\tools.rs:1182:164
     |
1182 | ....00200264586836620137, vx: 0.92896432258229966195, vy: -0.96594579119516865706, vz: -0.16415293821738913271, ax: 0., ay: 0., az: 0., r...
     |                                                            ^^^^^^^^^^^^^^^^^^^^^^
     |
     = help: for further information visit https://rust-lang.github.io/rust-clippy/rust-1.91.0/index.html#excessive_precision
help: consider changing the type or truncating it to
     |
1182 -     reb_particle { m: 0.00000016601141530543, x: -0.29485531126658365286, y: -0.34334233225957377922, z: -0.00200264586836620137, vx: 0.92896432258229966195, vy: -0.96594579119516865706, vz: -0.16415293821738913271, ax: 0., ay: 0., az: 0., r: 0., name: None }, // 1 Mercury
1182 +     reb_particle { m: 0.00000016601141530543, x: -0.29485531126658365286, y: -0.34334233225957377922, z: -0.00200264586836620137, vx: 0.92896432258229966195, vy: -0.965_945_791_195_168_7, vz: -0.16415293821738913271, ax: 0., ay: 0., az: 0., r: 0., name: None }, // 1 Mercury
     |

error: float has excessive precision
    --> src\tools.rs:1182:193
     |
1182 | ...92896432258229966195, vy: -0.96594579119516865706, vz: -0.16415293821738913271, ax: 0., ay: 0., az: 0., r: 0., name: None }, // 1 Mercury
     |                                                            ^^^^^^^^^^^^^^^^^^^^^^
     |
     = help: for further information visit https://rust-lang.github.io/rust-clippy/rust-1.91.0/index.html#excessive_precision
help: consider changing the type or truncating it to
     |
1182 -     reb_particle { m: 0.00000016601141530543, x: -0.29485531126658365286, y: -0.34334233225957377922, z: -0.00200264586836620137, vx: 0.92896432258229966195, vy: -0.96594579119516865706, vz: -0.16415293821738913271, ax: 0., ay: 0., az: 0., r: 0., name: None }, // 1 Mercury
1182 +     reb_particle { m: 0.00000016601141530543, x: -0.29485531126658365286, y: -0.34334233225957377922, z: -0.00200264586836620137, vx: 0.92896432258229966195, vy: -0.96594579119516865706, vz: -0.164_152_938_217_389_13, ax: 0., ay: 0., az: 0., r: 0., name: None }, // 1 Mercury
     |

error: float has excessive precision
    --> src\tools.rs:1183:50
     |
1183 |     reb_particle { m: 0.00000244783828778477, x: 0.47227261050357943750, y: 0.54819205023577255442, z: -0.02007680147008551394, vx: -0.88...
     |                                                  ^^^^^^^^^^^^^^^^^^^^^^
     |
     = help: for further information visit https://rust-lang.github.io/rust-clippy/rust-1.91.0/index.html#excessive_precision
help: consider changing the type or truncating it to
     |
1183 -     reb_particle { m: 0.00000244783828778477, x: 0.47227261050357943750, y: 0.54819205023577255442, z: -0.02007680147008551394, vx: -0.88553481794279420569, vy: 0.77279164698675262279, vz: 0.06169738346121213246, ax: 0., ay: 0., az: 0., r: 0., name: None }, // 2 Venus
1183 +     reb_particle { m: 0.00000244783828778477, x: 0.472_272_610_503_579_44, y: 0.54819205023577255442, z: -0.02007680147008551394, vx: -0.88553481794279420569, vy: 0.77279164698675262279, vz: 0.06169738346121213246, ax: 0., ay: 0., az: 0., r: 0., name: None }, // 2 Venus
     |

error: float has excessive precision
    --> src\tools.rs:1183:77
     |
1183 |     reb_particle { m: 0.00000244783828778477, x: 0.47227261050357943750, y: 0.54819205023577255442, z: -0.02007680147008551394, vx: -0.88...
     |                                                                             ^^^^^^^^^^^^^^^^^^^^^^
     |
     = help: for further information visit https://rust-lang.github.io/rust-clippy/rust-1.91.0/index.html#excessive_precision
help: consider changing the type or truncating it to
     |
1183 -     reb_particle { m: 0.00000244783828778477, x: 0.47227261050357943750, y: 0.54819205023577255442, z: -0.02007680147008551394, vx: -0.88553481794279420569, vy: 0.77279164698675262279, vz: 0.06169738346121213246, ax: 0., ay: 0., az: 0., r: 0., name: None }, // 2 Venus
1183 +     reb_particle { m: 0.00000244783828778477, x: 0.47227261050357943750, y: 0.548_192_050_235_772_6, z: -0.02007680147008551394, vx: -0.88553481794279420569, vy: 0.77279164698675262279, vz: 0.06169738346121213246, ax: 0., ay: 0., az: 0., r: 0., name: None }, // 2 Venus
     |

error: float has excessive precision
    --> src\tools.rs:1183:105
     |
1183 |     reb_particle { m: 0.00000244783828778477, x: 0.47227261050357943750, y: 0.54819205023577255442, z: -0.02007680147008551394, vx: -0.88...
     |                                                                                                         ^^^^^^^^^^^^^^^^^^^^^^
     |
     = help: for further information visit https://rust-lang.github.io/rust-clippy/rust-1.91.0/index.html#excessive_precision
help: consider changing the type or truncating it to
     |
1183 -     reb_particle { m: 0.00000244783828778477, x: 0.47227261050357943750, y: 0.54819205023577255442, z: -0.02007680147008551394, vx: -0.88553481794279420569, vy: 0.77279164698675262279, vz: 0.06169738346121213246, ax: 0., ay: 0., az: 0., r: 0., name: None }, // 2 Venus
1183 +     reb_particle { m: 0.00000244783828778477, x: 0.47227261050357943750, y: 0.54819205023577255442, z: -0.020_076_801_470_085_514, vx: -0.88553481794279420569, vy: 0.77279164698675262279, vz: 0.06169738346121213246, ax: 0., ay: 0., az: 0., r: 0., name: None }, // 2 Venus
     |

error: float has excessive precision
    --> src\tools.rs:1183:134
     |
1183 | ....54819205023577255442, z: -0.02007680147008551394, vx: -0.88553481794279420569, vy: 0.77279164698675262279, vz: 0.06169738346121213246...
     |                                                            ^^^^^^^^^^^^^^^^^^^^^^
     |
     = help: for further information visit https://rust-lang.github.io/rust-clippy/rust-1.91.0/index.html#excessive_precision
help: consider changing the type or truncating it to
     |
1183 -     reb_particle { m: 0.00000244783828778477, x: 0.47227261050357943750, y: 0.54819205023577255442, z: -0.02007680147008551394, vx: -0.88553481794279420569, vy: 0.77279164698675262279, vz: 0.06169738346121213246, ax: 0., ay: 0., az: 0., r: 0., name: None }, // 2 Venus
1183 +     reb_particle { m: 0.00000244783828778477, x: 0.47227261050357943750, y: 0.54819205023577255442, z: -0.02007680147008551394, vx: -0.885_534_817_942_794_2, vy: 0.77279164698675262279, vz: 0.06169738346121213246, ax: 0., ay: 0., az: 0., r: 0., name: None }, // 2 Venus
     |

error: float has excessive precision
    --> src\tools.rs:1183:162
     |
1183 | ....02007680147008551394, vx: -0.88553481794279420569, vy: 0.77279164698675262279, vz: 0.06169738346121213246, ax: 0., ay: 0., az: 0., r:...
     |                                                            ^^^^^^^^^^^^^^^^^^^^^^
     |
     = help: for further information visit https://rust-lang.github.io/rust-clippy/rust-1.91.0/index.html#excessive_precision
help: consider changing the type or truncating it to
     |
1183 -     reb_particle { m: 0.00000244783828778477, x: 0.47227261050357943750, y: 0.54819205023577255442, z: -0.02007680147008551394, vx: -0.88553481794279420569, vy: 0.77279164698675262279, vz: 0.06169738346121213246, ax: 0., ay: 0., az: 0., r: 0., name: None }, // 2 Venus
1183 +     reb_particle { m: 0.00000244783828778477, x: 0.47227261050357943750, y: 0.54819205023577255442, z: -0.02007680147008551394, vx: -0.88553481794279420569, vy: 0.772_791_646_986_752_6, vz: 0.06169738346121213246, ax: 0., ay: 0., az: 0., r: 0., name: None }, // 2 Venus
     |

error: float has excessive precision
    --> src\tools.rs:1183:190
     |
1183 | ...0.88553481794279420569, vy: 0.77279164698675262279, vz: 0.06169738346121213246, ax: 0., ay: 0., az: 0., r: 0., name: None }, // 2 Venus
     |                                                            ^^^^^^^^^^^^^^^^^^^^^^
     |
     = help: for further information visit https://rust-lang.github.io/rust-clippy/rust-1.91.0/index.html#excessive_precision
help: consider changing the type or truncating it to
     |
1183 -     reb_particle { m: 0.00000244783828778477, x: 0.47227261050357943750, y: 0.54819205023577255442, z: -0.02007680147008551394, vx: -0.88553481794279420569, vy: 0.77279164698675262279, vz: 0.06169738346121213246, ax: 0., ay: 0., az: 0., r: 0., name: None }, // 2 Venus
1183 +     reb_particle { m: 0.00000244783828778477, x: 0.47227261050357943750, y: 0.54819205023577255442, z: -0.02007680147008551394, vx: -0.88553481794279420569, vy: 0.77279164698675262279, vz: 0.061_697_383_461_212_13, ax: 0., ay: 0., az: 0., r: 0., name: None }, // 2 Venus
     |

error: float has excessive precision
    --> src\tools.rs:1184:50
     |
1184 |     reb_particle { m: 0.00000304043264802264, x: 0.97541936428768183376, y: -0.22011750964499116057, z: 0.00008866761098092638, vx: 0.208...
     |                                                  ^^^^^^^^^^^^^^^^^^^^^^
     |
     = help: for further information visit https://rust-lang.github.io/rust-clippy/rust-1.91.0/index.html#excessive_precision
help: consider changing the type or truncating it to
     |
1184 -     reb_particle { m: 0.00000304043264802264, x: 0.97541936428768183376, y: -0.22011750964499116057, z: 0.00008866761098092638, vx: 0.20842772535763168240, vy: 0.97042888227470602835, vz: -0.00003307038073776142, ax: 0., ay: 0., az: 0., r: 0., name: None }, // 3 Earth
1184 +     reb_particle { m: 0.00000304043264802264, x: 0.975_419_364_287_681_8, y: -0.22011750964499116057, z: 0.00008866761098092638, vx: 0.20842772535763168240, vy: 0.97042888227470602835, vz: -0.00003307038073776142, ax: 0., ay: 0., az: 0., r: 0., name: None }, // 3 Earth
     |

error: float has excessive precision
    --> src\tools.rs:1184:78
     |
1184 |     reb_particle { m: 0.00000304043264802264, x: 0.97541936428768183376, y: -0.22011750964499116057, z: 0.00008866761098092638, vx: 0.208...
     |                                                                              ^^^^^^^^^^^^^^^^^^^^^^
     |
     = help: for further information visit https://rust-lang.github.io/rust-clippy/rust-1.91.0/index.html#excessive_precision
help: consider changing the type or truncating it to
     |
1184 -     reb_particle { m: 0.00000304043264802264, x: 0.97541936428768183376, y: -0.22011750964499116057, z: 0.00008866761098092638, vx: 0.20842772535763168240, vy: 0.97042888227470602835, vz: -0.00003307038073776142, ax: 0., ay: 0., az: 0., r: 0., name: None }, // 3 Earth
1184 +     reb_particle { m: 0.00000304043264802264, x: 0.97541936428768183376, y: -0.220_117_509_644_991_16, z: 0.00008866761098092638, vx: 0.20842772535763168240, vy: 0.97042888227470602835, vz: -0.00003307038073776142, ax: 0., ay: 0., az: 0., r: 0., name: None }, // 3 Earth
     |

error: float has excessive precision
    --> src\tools.rs:1184:133
     |
1184 | ...-0.22011750964499116057, z: 0.00008866761098092638, vx: 0.20842772535763168240, vy: 0.97042888227470602835, vz: -0.0000330703807377614...
     |                                                            ^^^^^^^^^^^^^^^^^^^^^^
     |
     = help: for further information visit https://rust-lang.github.io/rust-clippy/rust-1.91.0/index.html#excessive_precision
help: consider changing the type or truncating it to
     |
1184 -     reb_particle { m: 0.00000304043264802264, x: 0.97541936428768183376, y: -0.22011750964499116057, z: 0.00008866761098092638, vx: 0.20842772535763168240, vy: 0.97042888227470602835, vz: -0.00003307038073776142, ax: 0., ay: 0., az: 0., r: 0., name: None }, // 3 Earth
1184 +     reb_particle { m: 0.00000304043264802264, x: 0.97541936428768183376, y: -0.22011750964499116057, z: 0.00008866761098092638, vx: 0.208_427_725_357_631_68, vy: 0.97042888227470602835, vz: -0.00003307038073776142, ax: 0., ay: 0., az: 0., r: 0., name: None }, // 3 Earth
     |

error: float has excessive precision
    --> src\tools.rs:1184:161
     |
1184 | ...0.00008866761098092638, vx: 0.20842772535763168240, vy: 0.97042888227470602835, vz: -0.00003307038073776142, ax: 0., ay: 0., az: 0., r...
     |                                                            ^^^^^^^^^^^^^^^^^^^^^^
     |
     = help: for further information visit https://rust-lang.github.io/rust-clippy/rust-1.91.0/index.html#excessive_precision
help: consider changing the type or truncating it to
     |
1184 -     reb_particle { m: 0.00000304043264802264, x: 0.97541936428768183376, y: -0.22011750964499116057, z: 0.00008866761098092638, vx: 0.20842772535763168240, vy: 0.97042888227470602835, vz: -0.00003307038073776142, ax: 0., ay: 0., az: 0., r: 0., name: None }, // 3 Earth
1184 +     reb_particle { m: 0.00000304043264802264, x: 0.97541936428768183376, y: -0.22011750964499116057, z: 0.00008866761098092638, vx: 0.20842772535763168240, vy: 0.970_428_882_274_706, vz: -0.00003307038073776142, ax: 0., ay: 0., az: 0., r: 0., name: None }, // 3 Earth
     |

error: float has excessive precision
    --> src\tools.rs:1185:50
     |
1185 |     reb_particle { m: 0.00000032271560375550, x: 1.38489786417060911639, y: -0.00373655464561763921, z: -0.03425238653564356694, vx: 0.03...
     |                                                  ^^^^^^^^^^^^^^^^^^^^^^
     |
     = help: for further information visit https://rust-lang.github.io/rust-clippy/rust-1.91.0/index.html#excessive_precision
help: consider changing the type or truncating it to
     |
1185 -     reb_particle { m: 0.00000032271560375550, x: 1.38489786417060911639, y: -0.00373655464561763921, z: -0.03425238653564356694, vx: 0.03680838810437889880, vy: 0.88267192839777131042, vz: 0.01760188515939473466, ax: 0., ay: 0., az: 0., r: 0., name: None }, // 4 Mars
1185 +     reb_particle { m: 0.00000032271560375550, x: 1.384_897_864_170_609_1, y: -0.00373655464561763921, z: -0.03425238653564356694, vx: 0.03680838810437889880, vy: 0.88267192839777131042, vz: 0.01760188515939473466, ax: 0., ay: 0., az: 0., r: 0., name: None }, // 4 Mars
     |

error: float has excessive precision
    --> src\tools.rs:1185:78
     |
1185 |     reb_particle { m: 0.00000032271560375550, x: 1.38489786417060911639, y: -0.00373655464561763921, z: -0.03425238653564356694, vx: 0.03...
     |                                                                              ^^^^^^^^^^^^^^^^^^^^^^
     |
     = help: for further information visit https://rust-lang.github.io/rust-clippy/rust-1.91.0/index.html#excessive_precision
help: consider changing the type or truncating it to
     |
1185 -     reb_particle { m: 0.00000032271560375550, x: 1.38489786417060911639, y: -0.00373655464561763921, z: -0.03425238653564356694, vx: 0.03680838810437889880, vy: 0.88267192839777131042, vz: 0.01760188515939473466, ax: 0., ay: 0., az: 0., r: 0., name: None }, // 4 Mars
1185 +     reb_particle { m: 0.00000032271560375550, x: 1.38489786417060911639, y: -0.003_736_554_645_617_639, z: -0.03425238653564356694, vx: 0.03680838810437889880, vy: 0.88267192839777131042, vz: 0.01760188515939473466, ax: 0., ay: 0., az: 0., r: 0., name: None }, // 4 Mars
     |

error: float has excessive precision
    --> src\tools.rs:1185:106
     |
1185 |     reb_particle { m: 0.00000032271560375550, x: 1.38489786417060911639, y: -0.00373655464561763921, z: -0.03425238653564356694, vx: 0.03...
     |                                                                                                          ^^^^^^^^^^^^^^^^^^^^^^
     |
     = help: for further information visit https://rust-lang.github.io/rust-clippy/rust-1.91.0/index.html#excessive_precision
help: consider changing the type or truncating it to
     |
1185 -     reb_particle { m: 0.00000032271560375550, x: 1.38489786417060911639, y: -0.00373655464561763921, z: -0.03425238653564356694, vx: 0.03680838810437889880, vy: 0.88267192839777131042, vz: 0.01760188515939473466, ax: 0., ay: 0., az: 0., r: 0., name: None }, // 4 Mars
1185 +     reb_particle { m: 0.00000032271560375550, x: 1.38489786417060911639, y: -0.00373655464561763921, z: -0.034_252_386_535_643_57, vx: 0.03680838810437889880, vy: 0.88267192839777131042, vz: 0.01760188515939473466, ax: 0., ay: 0., az: 0., r: 0., name: None }, // 4 Mars
     |

error: float has excessive precision
    --> src\tools.rs:1185:134
     |
1185 | ...0.00373655464561763921, z: -0.03425238653564356694, vx: 0.03680838810437889880, vy: 0.88267192839777131042, vz: 0.01760188515939473466...
     |                                                            ^^^^^^^^^^^^^^^^^^^^^^
     |
     = help: for further information visit https://rust-lang.github.io/rust-clippy/rust-1.91.0/index.html#excessive_precision
help: consider changing the type or truncating it to
     |
1185 -     reb_particle { m: 0.00000032271560375550, x: 1.38489786417060911639, y: -0.00373655464561763921, z: -0.03425238653564356694, vx: 0.03680838810437889880, vy: 0.88267192839777131042, vz: 0.01760188515939473466, ax: 0., ay: 0., az: 0., r: 0., name: None }, // 4 Mars
1185 +     reb_particle { m: 0.00000032271560375550, x: 1.38489786417060911639, y: -0.00373655464561763921, z: -0.03425238653564356694, vx: 0.036_808_388_104_378_9, vy: 0.88267192839777131042, vz: 0.01760188515939473466, ax: 0., ay: 0., az: 0., r: 0., name: None }, // 4 Mars
     |

error: float has excessive precision
    --> src\tools.rs:1185:162
     |
1185 | ...0.03425238653564356694, vx: 0.03680838810437889880, vy: 0.88267192839777131042, vz: 0.01760188515939473466, ax: 0., ay: 0., az: 0., r:...
     |                                                            ^^^^^^^^^^^^^^^^^^^^^^
     |
     = help: for further information visit https://rust-lang.github.io/rust-clippy/rust-1.91.0/index.html#excessive_precision
help: consider changing the type or truncating it to
     |
1185 -     reb_particle { m: 0.00000032271560375550, x: 1.38489786417060911639, y: -0.00373655464561763921, z: -0.03425238653564356694, vx: 0.03680838810437889880, vy: 0.88267192839777131042, vz: 0.01760188515939473466, ax: 0., ay: 0., az: 0., r: 0., name: None }, // 4 Mars
1185 +     reb_particle { m: 0.00000032271560375550, x: 1.38489786417060911639, y: -0.00373655464561763921, z: -0.03425238653564356694, vx: 0.03680838810437889880, vy: 0.882_671_928_397_771_3, vz: 0.01760188515939473466, ax: 0., ay: 0., az: 0., r: 0., name: None }, // 4 Mars
     |

error: float has excessive precision
    --> src\tools.rs:1185:190
     |
1185 | ...0.03680838810437889880, vy: 0.88267192839777131042, vz: 0.01760188515939473466, ax: 0., ay: 0., az: 0., r: 0., name: None }, // 4 Mars
     |                                                            ^^^^^^^^^^^^^^^^^^^^^^
     |
     = help: for further information visit https://rust-lang.github.io/rust-clippy/rust-1.91.0/index.html#excessive_precision
help: consider changing the type or truncating it to
     |
1185 -     reb_particle { m: 0.00000032271560375550, x: 1.38489786417060911639, y: -0.00373655464561763921, z: -0.03425238653564356694, vx: 0.03680838810437889880, vy: 0.88267192839777131042, vz: 0.01760188515939473466, ax: 0., ay: 0., az: 0., r: 0., name: None }, // 4 Mars
1185 +     reb_particle { m: 0.00000032271560375550, x: 1.38489786417060911639, y: -0.00373655464561763921, z: -0.03425238653564356694, vx: 0.03680838810437889880, vy: 0.88267192839777131042, vz: 0.017_601_885_159_394_735, ax: 0., ay: 0., az: 0., r: 0., name: None }, // 4 Mars
     |

error: float has excessive precision
    --> src\tools.rs:1186:23
     |
1186 |     reb_particle { m: 0.00095479191521124043, x: 2.31793441229397512160, y: -4.57278216881576948794, z: -0.03288979300198136002, vx: 0.38...
     |                       ^^^^^^^^^^^^^^^^^^^^^^
     |
     = help: for further information visit https://rust-lang.github.io/rust-clippy/rust-1.91.0/index.html#excessive_precision
help: consider changing the type or truncating it to
     |
1186 -     reb_particle { m: 0.00095479191521124043, x: 2.31793441229397512160, y: -4.57278216881576948794, z: -0.03288979300198136002, vx: 0.38587103958050272823, vy: 0.21916457142972819994, vz: -0.00954142828183331820, ax: 0., ay: 0., az: 0., r: 0., name: None }, // 5 Jupiter
1186 +     reb_particle { m: 0.000_954_791_915_211_240_4, x: 2.31793441229397512160, y: -4.57278216881576948794, z: -0.03288979300198136002, vx: 0.38587103958050272823, vy: 0.21916457142972819994, vz: -0.00954142828183331820, ax: 0., ay: 0., az: 0., r: 0., name: None }, // 5 Jupiter
     |

error: float has excessive precision
    --> src\tools.rs:1186:50
     |
1186 |     reb_particle { m: 0.00095479191521124043, x: 2.31793441229397512160, y: -4.57278216881576948794, z: -0.03288979300198136002, vx: 0.38...
     |                                                  ^^^^^^^^^^^^^^^^^^^^^^
     |
     = help: for further information visit https://rust-lang.github.io/rust-clippy/rust-1.91.0/index.html#excessive_precision
help: consider changing the type or truncating it to
     |
1186 -     reb_particle { m: 0.00095479191521124043, x: 2.31793441229397512160, y: -4.57278216881576948794, z: -0.03288979300198136002, vx: 0.38587103958050272823, vy: 0.21916457142972819994, vz: -0.00954142828183331820, ax: 0., ay: 0., az: 0., r: 0., name: None }, // 5 Jupiter
1186 +     reb_particle { m: 0.00095479191521124043, x: 2.317_934_412_293_975, y: -4.57278216881576948794, z: -0.03288979300198136002, vx: 0.38587103958050272823, vy: 0.21916457142972819994, vz: -0.00954142828183331820, ax: 0., ay: 0., az: 0., r: 0., name: None }, // 5 Jupiter
     |

error: float has excessive precision
    --> src\tools.rs:1186:78
     |
1186 |     reb_particle { m: 0.00095479191521124043, x: 2.31793441229397512160, y: -4.57278216881576948794, z: -0.03288979300198136002, vx: 0.38...
     |                                                                              ^^^^^^^^^^^^^^^^^^^^^^
     |
     = help: for further information visit https://rust-lang.github.io/rust-clippy/rust-1.91.0/index.html#excessive_precision
help: consider changing the type or truncating it to
     |
1186 -     reb_particle { m: 0.00095479191521124043, x: 2.31793441229397512160, y: -4.57278216881576948794, z: -0.03288979300198136002, vx: 0.38587103958050272823, vy: 0.21916457142972819994, vz: -0.00954142828183331820, ax: 0., ay: 0., az: 0., r: 0., name: None }, // 5 Jupiter
1186 +     reb_particle { m: 0.00095479191521124043, x: 2.31793441229397512160, y: -4.572_782_168_815_769_5, z: -0.03288979300198136002, vx: 0.38587103958050272823, vy: 0.21916457142972819994, vz: -0.00954142828183331820, ax: 0., ay: 0., az: 0., r: 0., name: None }, // 5 Jupiter
     |

error: float has excessive precision
    --> src\tools.rs:1186:106
     |
1186 |     reb_particle { m: 0.00095479191521124043, x: 2.31793441229397512160, y: -4.57278216881576948794, z: -0.03288979300198136002, vx: 0.38...
     |                                                                                                          ^^^^^^^^^^^^^^^^^^^^^^
     |
     = help: for further information visit https://rust-lang.github.io/rust-clippy/rust-1.91.0/index.html#excessive_precision
help: consider changing the type or truncating it to
     |
1186 -     reb_particle { m: 0.00095479191521124043, x: 2.31793441229397512160, y: -4.57278216881576948794, z: -0.03288979300198136002, vx: 0.38587103958050272823, vy: 0.21916457142972819994, vz: -0.00954142828183331820, ax: 0., ay: 0., az: 0., r: 0., name: None }, // 5 Jupiter
1186 +     reb_particle { m: 0.00095479191521124043, x: 2.31793441229397512160, y: -4.57278216881576948794, z: -0.032_889_793_001_981_36, vx: 0.38587103958050272823, vy: 0.21916457142972819994, vz: -0.00954142828183331820, ax: 0., ay: 0., az: 0., r: 0., name: None }, // 5 Jupiter
     |

error: float has excessive precision
    --> src\tools.rs:1186:134
     |
1186 | ...4.57278216881576948794, z: -0.03288979300198136002, vx: 0.38587103958050272823, vy: 0.21916457142972819994, vz: -0.0095414282818333182...
     |                                                            ^^^^^^^^^^^^^^^^^^^^^^
     |
     = help: for further information visit https://rust-lang.github.io/rust-clippy/rust-1.91.0/index.html#excessive_precision
help: consider changing the type or truncating it to
     |
1186 -     reb_particle { m: 0.00095479191521124043, x: 2.31793441229397512160, y: -4.57278216881576948794, z: -0.03288979300198136002, vx: 0.38587103958050272823, vy: 0.21916457142972819994, vz: -0.00954142828183331820, ax: 0., ay: 0., az: 0., r: 0., name: None }, // 5 Jupiter
1186 +     reb_particle { m: 0.00095479191521124043, x: 2.31793441229397512160, y: -4.57278216881576948794, z: -0.03288979300198136002, vx: 0.385_871_039_580_502_73, vy: 0.21916457142972819994, vz: -0.00954142828183331820, ax: 0., ay: 0., az: 0., r: 0., name: None }, // 5 Jupiter
     |

error: float has excessive precision
    --> src\tools.rs:1186:162
     |
1186 | ...0.03288979300198136002, vx: 0.38587103958050272823, vy: 0.21916457142972819994, vz: -0.00954142828183331820, ax: 0., ay: 0., az: 0., r...
     |                                                            ^^^^^^^^^^^^^^^^^^^^^^
     |
     = help: for further information visit https://rust-lang.github.io/rust-clippy/rust-1.91.0/index.html#excessive_precision
help: consider changing the type or truncating it to
     |
1186 -     reb_particle { m: 0.00095479191521124043, x: 2.31793441229397512160, y: -4.57278216881576948794, z: -0.03288979300198136002, vx: 0.38587103958050272823, vy: 0.21916457142972819994, vz: -0.00954142828183331820, ax: 0., ay: 0., az: 0., r: 0., name: None }, // 5 Jupiter
1186 +     reb_particle { m: 0.00095479191521124043, x: 2.31793441229397512160, y: -4.57278216881576948794, z: -0.03288979300198136002, vx: 0.38587103958050272823, vy: 0.219_164_571_429_728_2, vz: -0.00954142828183331820, ax: 0., ay: 0., az: 0., r: 0., name: None }, // 5 Jupiter
     |

error: float has excessive precision
    --> src\tools.rs:1186:191
     |
1186 | ....38587103958050272823, vy: 0.21916457142972819994, vz: -0.00954142828183331820, ax: 0., ay: 0., az: 0., r: 0., name: None }, // 5 Jupiter
     |                                                            ^^^^^^^^^^^^^^^^^^^^^^
     |
     = help: for further information visit https://rust-lang.github.io/rust-clippy/rust-1.91.0/index.html#excessive_precision
help: consider changing the type or truncating it to
     |
1186 -     reb_particle { m: 0.00095479191521124043, x: 2.31793441229397512160, y: -4.57278216881576948794, z: -0.03288979300198136002, vx: 0.38587103958050272823, vy: 0.21916457142972819994, vz: -0.00954142828183331820, ax: 0., ay: 0., az: 0., r: 0., name: None }, // 5 Jupiter
1186 +     reb_particle { m: 0.00095479191521124043, x: 2.31793441229397512160, y: -4.57278216881576948794, z: -0.03288979300198136002, vx: 0.38587103958050272823, vy: 0.21916457142972819994, vz: -0.009_541_428_281_833_318, ax: 0., ay: 0., az: 0., r: 0., name: None }, // 5 Jupiter
     |

error: float has excessive precision
    --> src\tools.rs:1187:23
     |
1187 |     reb_particle { m: 0.00028588567272224167, x: 4.97984063350991323915, y: -8.66630842281542435046, z: -0.04756566088166765821, vx: 0.26...
     |                       ^^^^^^^^^^^^^^^^^^^^^^
     |
     = help: for further information visit https://rust-lang.github.io/rust-clippy/rust-1.91.0/index.html#excessive_precision
help: consider changing the type or truncating it to
     |
1187 -     reb_particle { m: 0.00028588567272224167, x: 4.97984063350991323915, y: -8.66630842281542435046, z: -0.04756566088166765821, vx: 0.26314427785251254255, vy: 0.16073015466677914587, vz: -0.01327326395768535505, ax: 0., ay: 0., az: 0., r: 0., name: None }, // 6 Saturn
1187 +     reb_particle { m: 0.000_285_885_672_722_241_7, x: 4.97984063350991323915, y: -8.66630842281542435046, z: -0.04756566088166765821, vx: 0.26314427785251254255, vy: 0.16073015466677914587, vz: -0.01327326395768535505, ax: 0., ay: 0., az: 0., r: 0., name: None }, // 6 Saturn
     |

error: float has excessive precision
    --> src\tools.rs:1187:50
     |
1187 |     reb_particle { m: 0.00028588567272224167, x: 4.97984063350991323915, y: -8.66630842281542435046, z: -0.04756566088166765821, vx: 0.26...
     |                                                  ^^^^^^^^^^^^^^^^^^^^^^
     |
     = help: for further information visit https://rust-lang.github.io/rust-clippy/rust-1.91.0/index.html#excessive_precision
help: consider changing the type or truncating it to
     |
1187 -     reb_particle { m: 0.00028588567272224167, x: 4.97984063350991323915, y: -8.66630842281542435046, z: -0.04756566088166765821, vx: 0.26314427785251254255, vy: 0.16073015466677914587, vz: -0.01327326395768535505, ax: 0., ay: 0., az: 0., r: 0., name: None }, // 6 Saturn
1187 +     reb_particle { m: 0.00028588567272224167, x: 4.979_840_633_509_913, y: -8.66630842281542435046, z: -0.04756566088166765821, vx: 0.26314427785251254255, vy: 0.16073015466677914587, vz: -0.01327326395768535505, ax: 0., ay: 0., az: 0., r: 0., name: None }, // 6 Saturn
     |

error: float has excessive precision
    --> src\tools.rs:1187:78
     |
1187 |     reb_particle { m: 0.00028588567272224167, x: 4.97984063350991323915, y: -8.66630842281542435046, z: -0.04756566088166765821, vx: 0.26...
     |                                                                              ^^^^^^^^^^^^^^^^^^^^^^
     |
     = help: for further information visit https://rust-lang.github.io/rust-clippy/rust-1.91.0/index.html#excessive_precision
help: consider changing the type or truncating it to
     |
1187 -     reb_particle { m: 0.00028588567272224167, x: 4.97984063350991323915, y: -8.66630842281542435046, z: -0.04756566088166765821, vx: 0.26314427785251254255, vy: 0.16073015466677914587, vz: -0.01327326395768535505, ax: 0., ay: 0., az: 0., r: 0., name: None }, // 6 Saturn
1187 +     reb_particle { m: 0.00028588567272224167, x: 4.97984063350991323915, y: -8.666_308_422_815_424, z: -0.04756566088166765821, vx: 0.26314427785251254255, vy: 0.16073015466677914587, vz: -0.01327326395768535505, ax: 0., ay: 0., az: 0., r: 0., name: None }, // 6 Saturn
     |

error: float has excessive precision
    --> src\tools.rs:1187:106
     |
1187 |     reb_particle { m: 0.00028588567272224167, x: 4.97984063350991323915, y: -8.66630842281542435046, z: -0.04756566088166765821, vx: 0.26...
     |                                                                                                          ^^^^^^^^^^^^^^^^^^^^^^
     |
     = help: for further information visit https://rust-lang.github.io/rust-clippy/rust-1.91.0/index.html#excessive_precision
help: consider changing the type or truncating it to
     |
1187 -     reb_particle { m: 0.00028588567272224167, x: 4.97984063350991323915, y: -8.66630842281542435046, z: -0.04756566088166765821, vx: 0.26314427785251254255, vy: 0.16073015466677914587, vz: -0.01327326395768535505, ax: 0., ay: 0., az: 0., r: 0., name: None }, // 6 Saturn
1187 +     reb_particle { m: 0.00028588567272224167, x: 4.97984063350991323915, y: -8.66630842281542435046, z: -0.047_565_660_881_667_66, vx: 0.26314427785251254255, vy: 0.16073015466677914587, vz: -0.01327326395768535505, ax: 0., ay: 0., az: 0., r: 0., name: None }, // 6 Saturn
     |

error: float has excessive precision
    --> src\tools.rs:1187:134
     |
1187 | ...8.66630842281542435046, z: -0.04756566088166765821, vx: 0.26314427785251254255, vy: 0.16073015466677914587, vz: -0.0132732639576853550...
     |                                                            ^^^^^^^^^^^^^^^^^^^^^^
     |
     = help: for further information visit https://rust-lang.github.io/rust-clippy/rust-1.91.0/index.html#excessive_precision
help: consider changing the type or truncating it to
     |
1187 -     reb_particle { m: 0.00028588567272224167, x: 4.97984063350991323915, y: -8.66630842281542435046, z: -0.04756566088166765821, vx: 0.26314427785251254255, vy: 0.16073015466677914587, vz: -0.01327326395768535505, ax: 0., ay: 0., az: 0., r: 0., name: None }, // 6 Saturn
1187 +     reb_particle { m: 0.00028588567272224167, x: 4.97984063350991323915, y: -8.66630842281542435046, z: -0.04756566088166765821, vx: 0.263_144_277_852_512_54, vy: 0.16073015466677914587, vz: -0.01327326395768535505, ax: 0., ay: 0., az: 0., r: 0., name: None }, // 6 Saturn
     |

error: float has excessive precision
    --> src\tools.rs:1187:162
     |
1187 | ...0.04756566088166765821, vx: 0.26314427785251254255, vy: 0.16073015466677914587, vz: -0.01327326395768535505, ax: 0., ay: 0., az: 0., r...
     |                                                            ^^^^^^^^^^^^^^^^^^^^^^
     |
     = help: for further information visit https://rust-lang.github.io/rust-clippy/rust-1.91.0/index.html#excessive_precision
help: consider changing the type or truncating it to
     |
1187 -     reb_particle { m: 0.00028588567272224167, x: 4.97984063350991323915, y: -8.66630842281542435046, z: -0.04756566088166765821, vx: 0.26314427785251254255, vy: 0.16073015466677914587, vz: -0.01327326395768535505, ax: 0., ay: 0., az: 0., r: 0., name: None }, // 6 Saturn
1187 +     reb_particle { m: 0.00028588567272224167, x: 4.97984063350991323915, y: -8.66630842281542435046, z: -0.04756566088166765821, vx: 0.26314427785251254255, vy: 0.160_730_154_666_779_15, vz: -0.01327326395768535505, ax: 0., ay: 0., az: 0., r: 0., name: None }, // 6 Saturn
     |

error: float has excessive precision
    --> src\tools.rs:1187:191
     |
1187 | ....26314427785251254255, vy: 0.16073015466677914587, vz: -0.01327326395768535505, ax: 0., ay: 0., az: 0., r: 0., name: None }, // 6 Saturn
     |                                                            ^^^^^^^^^^^^^^^^^^^^^^
     |
     = help: for further information visit https://rust-lang.github.io/rust-clippy/rust-1.91.0/index.html#excessive_precision
help: consider changing the type or truncating it to
     |
1187 -     reb_particle { m: 0.00028588567272224167, x: 4.97984063350991323915, y: -8.66630842281542435046, z: -0.04756566088166765821, vx: 0.26314427785251254255, vy: 0.16073015466677914587, vz: -0.01327326395768535505, ax: 0., ay: 0., az: 0., r: 0., name: None }, // 6 Saturn
1187 +     reb_particle { m: 0.00028588567272224167, x: 4.97984063350991323915, y: -8.66630842281542435046, z: -0.04756566088166765821, vx: 0.26314427785251254255, vy: 0.16073015466677914587, vz: -0.013_273_263_957_685_355, ax: 0., ay: 0., az: 0., r: 0., name: None }, // 6 Saturn
     |

error: float has excessive precision
    --> src\tools.rs:1188:23
     |
1188 |     reb_particle { m: 0.00004366243735831270, x: 15.62435177921100226683, y: 12.13892823277256738379, z: -0.15733112984491792741, vx: -0....
     |                       ^^^^^^^^^^^^^^^^^^^^^^
     |
     = help: for further information visit https://rust-lang.github.io/rust-clippy/rust-1.91.0/index.html#excessive_precision
help: consider changing the type or truncating it to
     |
1188 -     reb_particle { m: 0.00004366243735831270, x: 15.62435177921100226683, y: 12.13892823277256738379, z: -0.15733112984491792741, vx: -0.14195568334904265506, vy: 0.16989920313154410758, vz: 0.00247006450290807337, ax: 0., ay: 0., az: 0., r: 0., name: None }, // 7 Uranus
1188 +     reb_particle { m: 0.000_043_662_437_358_312_7, x: 15.62435177921100226683, y: 12.13892823277256738379, z: -0.15733112984491792741, vx: -0.14195568334904265506, vy: 0.16989920313154410758, vz: 0.00247006450290807337, ax: 0., ay: 0., az: 0., r: 0., name: None }, // 7 Uranus
     |

error: float has excessive precision
    --> src\tools.rs:1188:50
     |
1188 |     reb_particle { m: 0.00004366243735831270, x: 15.62435177921100226683, y: 12.13892823277256738379, z: -0.15733112984491792741, vx: -0....
     |                                                  ^^^^^^^^^^^^^^^^^^^^^^^
     |
     = help: for further information visit https://rust-lang.github.io/rust-clippy/rust-1.91.0/index.html#excessive_precision
help: consider changing the type or truncating it to
     |
1188 -     reb_particle { m: 0.00004366243735831270, x: 15.62435177921100226683, y: 12.13892823277256738379, z: -0.15733112984491792741, vx: -0.14195568334904265506, vy: 0.16989920313154410758, vz: 0.00247006450290807337, ax: 0., ay: 0., az: 0., r: 0., name: None }, // 7 Uranus
1188 +     reb_particle { m: 0.00004366243735831270, x: 15.624_351_779_211_002, y: 12.13892823277256738379, z: -0.15733112984491792741, vx: -0.14195568334904265506, vy: 0.16989920313154410758, vz: 0.00247006450290807337, ax: 0., ay: 0., az: 0., r: 0., name: None }, // 7 Uranus
     |

error: float has excessive precision
    --> src\tools.rs:1188:78
     |
1188 |     reb_particle { m: 0.00004366243735831270, x: 15.62435177921100226683, y: 12.13892823277256738379, z: -0.15733112984491792741, vx: -0....
     |                                                                              ^^^^^^^^^^^^^^^^^^^^^^^
     |
     = help: for further information visit https://rust-lang.github.io/rust-clippy/rust-1.91.0/index.html#excessive_precision
help: consider changing the type or truncating it to
     |
1188 -     reb_particle { m: 0.00004366243735831270, x: 15.62435177921100226683, y: 12.13892823277256738379, z: -0.15733112984491792741, vx: -0.14195568334904265506, vy: 0.16989920313154410758, vz: 0.00247006450290807337, ax: 0., ay: 0., az: 0., r: 0., name: None }, // 7 Uranus
1188 +     reb_particle { m: 0.00004366243735831270, x: 15.62435177921100226683, y: 12.138_928_232_772_567, z: -0.15733112984491792741, vx: -0.14195568334904265506, vy: 0.16989920313154410758, vz: 0.00247006450290807337, ax: 0., ay: 0., az: 0., r: 0., name: None }, // 7 Uranus
     |

error: float has excessive precision
    --> src\tools.rs:1188:107
     |
1188 |     reb_particle { m: 0.00004366243735831270, x: 15.62435177921100226683, y: 12.13892823277256738379, z: -0.15733112984491792741, vx: -0....
     |                                                                                                           ^^^^^^^^^^^^^^^^^^^^^^
     |
     = help: for further information visit https://rust-lang.github.io/rust-clippy/rust-1.91.0/index.html#excessive_precision
help: consider changing the type or truncating it to
     |
1188 -     reb_particle { m: 0.00004366243735831270, x: 15.62435177921100226683, y: 12.13892823277256738379, z: -0.15733112984491792741, vx: -0.14195568334904265506, vy: 0.16989920313154410758, vz: 0.00247006450290807337, ax: 0., ay: 0., az: 0., r: 0., name: None }, // 7 Uranus
1188 +     reb_particle { m: 0.00004366243735831270, x: 15.62435177921100226683, y: 12.13892823277256738379, z: -0.157_331_129_844_917_93, vx: -0.14195568334904265506, vy: 0.16989920313154410758, vz: 0.00247006450290807337, ax: 0., ay: 0., az: 0., r: 0., name: None }, // 7 Uranus
     |

error: float has excessive precision
    --> src\tools.rs:1188:136
     |
1188 | ....13892823277256738379, z: -0.15733112984491792741, vx: -0.14195568334904265506, vy: 0.16989920313154410758, vz: 0.00247006450290807337...
     |                                                            ^^^^^^^^^^^^^^^^^^^^^^
     |
     = help: for further information visit https://rust-lang.github.io/rust-clippy/rust-1.91.0/index.html#excessive_precision
help: consider changing the type or truncating it to
     |
1188 -     reb_particle { m: 0.00004366243735831270, x: 15.62435177921100226683, y: 12.13892823277256738379, z: -0.15733112984491792741, vx: -0.14195568334904265506, vy: 0.16989920313154410758, vz: 0.00247006450290807337, ax: 0., ay: 0., az: 0., r: 0., name: None }, // 7 Uranus
1188 +     reb_particle { m: 0.00004366243735831270, x: 15.62435177921100226683, y: 12.13892823277256738379, z: -0.15733112984491792741, vx: -0.141_955_683_349_042_66, vy: 0.16989920313154410758, vz: 0.00247006450290807337, ax: 0., ay: 0., az: 0., r: 0., name: None }, // 7 Uranus
     |

error: float has excessive precision
    --> src\tools.rs:1188:164
     |
1188 | ....15733112984491792741, vx: -0.14195568334904265506, vy: 0.16989920313154410758, vz: 0.00247006450290807337, ax: 0., ay: 0., az: 0., r:...
     |                                                            ^^^^^^^^^^^^^^^^^^^^^^
     |
     = help: for further information visit https://rust-lang.github.io/rust-clippy/rust-1.91.0/index.html#excessive_precision
help: consider changing the type or truncating it to
     |
1188 -     reb_particle { m: 0.00004366243735831270, x: 15.62435177921100226683, y: 12.13892823277256738379, z: -0.15733112984491792741, vx: -0.14195568334904265506, vy: 0.16989920313154410758, vz: 0.00247006450290807337, ax: 0., ay: 0., az: 0., r: 0., name: None }, // 7 Uranus
1188 +     reb_particle { m: 0.00004366243735831270, x: 15.62435177921100226683, y: 12.13892823277256738379, z: -0.15733112984491792741, vx: -0.14195568334904265506, vy: 0.169_899_203_131_544_1, vz: 0.00247006450290807337, ax: 0., ay: 0., az: 0., r: 0., name: None }, // 7 Uranus
     |

error: float has excessive precision
    --> src\tools.rs:1188:192
     |
1188 | ...0.14195568334904265506, vy: 0.16989920313154410758, vz: 0.00247006450290807337, ax: 0., ay: 0., az: 0., r: 0., name: None }, // 7 Uranus
     |                                                            ^^^^^^^^^^^^^^^^^^^^^^
     |
     = help: for further information visit https://rust-lang.github.io/rust-clippy/rust-1.91.0/index.html#excessive_precision
help: consider changing the type or truncating it to
     |
1188 -     reb_particle { m: 0.00004366243735831270, x: 15.62435177921100226683, y: 12.13892823277256738379, z: -0.15733112984491792741, vx: -0.14195568334904265506, vy: 0.16989920313154410758, vz: 0.00247006450290807337, ax: 0., ay: 0., az: 0., r: 0., name: None }, // 7 Uranus
1188 +     reb_particle { m: 0.00004366243735831270, x: 15.62435177921100226683, y: 12.13892823277256738379, z: -0.15733112984491792741, vx: -0.14195568334904265506, vy: 0.16989920313154410758, vz: 0.002_470_064_502_908_073_4, ax: 0., ay: 0., az: 0., r: 0., name: None }, // 7 Uranus
     |

error: float has excessive precision
    --> src\tools.rs:1189:50
     |
1189 |     reb_particle { m: 0.00005151383772628674, x: 29.39189844361883885426, y: -5.57834279640134234057, z: -0.56249012217889071685, vx: 0.0...
     |                                                  ^^^^^^^^^^^^^^^^^^^^^^^
     |
     = help: for further information visit https://rust-lang.github.io/rust-clippy/rust-1.91.0/index.html#excessive_precision
help: consider changing the type or truncating it to
     |
1189 -     reb_particle { m: 0.00005151383772628674, x: 29.39189844361883885426, y: -5.57834279640134234057, z: -0.56249012217889071685, vx: 0.03281663353639149155, vy: 0.18036894277947276843, vz: -0.00447061619870956460, ax: 0., ay: 0., az: 0., r: 0., name: None }, // 8 Neptune
1189 +     reb_particle { m: 0.00005151383772628674, x: 29.391_898_443_618_84, y: -5.57834279640134234057, z: -0.56249012217889071685, vx: 0.03281663353639149155, vy: 0.18036894277947276843, vz: -0.00447061619870956460, ax: 0., ay: 0., az: 0., r: 0., name: None }, // 8 Neptune
     |

error: float has excessive precision
    --> src\tools.rs:1189:79
     |
1189 |     reb_particle { m: 0.00005151383772628674, x: 29.39189844361883885426, y: -5.57834279640134234057, z: -0.56249012217889071685, vx: 0.0...
     |                                                                               ^^^^^^^^^^^^^^^^^^^^^^
     |
     = help: for further information visit https://rust-lang.github.io/rust-clippy/rust-1.91.0/index.html#excessive_precision
help: consider changing the type or truncating it to
     |
1189 -     reb_particle { m: 0.00005151383772628674, x: 29.39189844361883885426, y: -5.57834279640134234057, z: -0.56249012217889071685, vx: 0.03281663353639149155, vy: 0.18036894277947276843, vz: -0.00447061619870956460, ax: 0., ay: 0., az: 0., r: 0., name: None }, // 8 Neptune
1189 +     reb_particle { m: 0.00005151383772628674, x: 29.39189844361883885426, y: -5.578_342_796_401_342, z: -0.56249012217889071685, vx: 0.03281663353639149155, vy: 0.18036894277947276843, vz: -0.00447061619870956460, ax: 0., ay: 0., az: 0., r: 0., name: None }, // 8 Neptune
     |

error: float has excessive precision
    --> src\tools.rs:1189:107
     |
1189 |     reb_particle { m: 0.00005151383772628674, x: 29.39189844361883885426, y: -5.57834279640134234057, z: -0.56249012217889071685, vx: 0.0...
     |                                                                                                           ^^^^^^^^^^^^^^^^^^^^^^
     |
     = help: for further information visit https://rust-lang.github.io/rust-clippy/rust-1.91.0/index.html#excessive_precision
help: consider changing the type or truncating it to
     |
1189 -     reb_particle { m: 0.00005151383772628674, x: 29.39189844361883885426, y: -5.57834279640134234057, z: -0.56249012217889071685, vx: 0.03281663353639149155, vy: 0.18036894277947276843, vz: -0.00447061619870956460, ax: 0., ay: 0., az: 0., r: 0., name: None }, // 8 Neptune
1189 +     reb_particle { m: 0.00005151383772628674, x: 29.39189844361883885426, y: -5.57834279640134234057, z: -0.562_490_122_178_890_7, vx: 0.03281663353639149155, vy: 0.18036894277947276843, vz: -0.00447061619870956460, ax: 0., ay: 0., az: 0., r: 0., name: None }, // 8 Neptune
     |

error: float has excessive precision
    --> src\tools.rs:1189:135
     |
1189 | ...5.57834279640134234057, z: -0.56249012217889071685, vx: 0.03281663353639149155, vy: 0.18036894277947276843, vz: -0.0044706161987095646...
     |                                                            ^^^^^^^^^^^^^^^^^^^^^^
     |
     = help: for further information visit https://rust-lang.github.io/rust-clippy/rust-1.91.0/index.html#excessive_precision
help: consider changing the type or truncating it to
     |
1189 -     reb_particle { m: 0.00005151383772628674, x: 29.39189844361883885426, y: -5.57834279640134234057, z: -0.56249012217889071685, vx: 0.03281663353639149155, vy: 0.18036894277947276843, vz: -0.00447061619870956460, ax: 0., ay: 0., az: 0., r: 0., name: None }, // 8 Neptune
1189 +     reb_particle { m: 0.00005151383772628674, x: 29.39189844361883885426, y: -5.57834279640134234057, z: -0.56249012217889071685, vx: 0.032_816_633_536_391_49, vy: 0.18036894277947276843, vz: -0.00447061619870956460, ax: 0., ay: 0., az: 0., r: 0., name: None }, // 8 Neptune
     |

error: float has excessive precision
    --> src\tools.rs:1189:163
     |
1189 | ...0.56249012217889071685, vx: 0.03281663353639149155, vy: 0.18036894277947276843, vz: -0.00447061619870956460, ax: 0., ay: 0., az: 0., r...
     |                                                            ^^^^^^^^^^^^^^^^^^^^^^
     |
     = help: for further information visit https://rust-lang.github.io/rust-clippy/rust-1.91.0/index.html#excessive_precision
help: consider changing the type or truncating it to
     |
1189 -     reb_particle { m: 0.00005151383772628674, x: 29.39189844361883885426, y: -5.57834279640134234057, z: -0.56249012217889071685, vx: 0.03281663353639149155, vy: 0.18036894277947276843, vz: -0.00447061619870956460, ax: 0., ay: 0., az: 0., r: 0., name: None }, // 8 Neptune
1189 +     reb_particle { m: 0.00005151383772628674, x: 29.39189844361883885426, y: -5.57834279640134234057, z: -0.56249012217889071685, vx: 0.03281663353639149155, vy: 0.180_368_942_779_472_77, vz: -0.00447061619870956460, ax: 0., ay: 0., az: 0., r: 0., name: None }, // 8 Neptune
     |

error: float has excessive precision
    --> src\tools.rs:1189:192
     |
1189 | ....03281663353639149155, vy: 0.18036894277947276843, vz: -0.00447061619870956460, ax: 0., ay: 0., az: 0., r: 0., name: None }, // 8 Neptune
     |                                                            ^^^^^^^^^^^^^^^^^^^^^^
     |
     = help: for further information visit https://rust-lang.github.io/rust-clippy/rust-1.91.0/index.html#excessive_precision
help: consider changing the type or truncating it to
     |
1189 -     reb_particle { m: 0.00005151383772628674, x: 29.39189844361883885426, y: -5.57834279640134234057, z: -0.56249012217889071685, vx: 0.03281663353639149155, vy: 0.18036894277947276843, vz: -0.00447061619870956460, ax: 0., ay: 0., az: 0., r: 0., name: None }, // 8 Neptune
1189 +     reb_particle { m: 0.00005151383772628674, x: 29.39189844361883885426, y: -5.57834279640134234057, z: -0.56249012217889071685, vx: 0.03281663353639149155, vy: 0.18036894277947276843, vz: -0.004_470_616_198_709_565, ax: 0., ay: 0., az: 0., r: 0., name: None }, // 8 Neptune
     |

error: field assignment outside of initializer for an instance created with Default::default()
    --> src\tools.rs:1402:9
     |
1402 |         particle.name = name_index(r, &name);
     |         ^^^^^^^^^^^^^^^^^^^^^^^^^^^^^^^^^^^^^
     |
note: consider initializing the variable with `types::reb_particle { name: name_index(r, &name), m: m, r: radius, ..Default::default() }` and removing relevant reassignments
    --> src\tools.rs:1401:9
     |
1401 |         let mut particle = reb_particle::default();
     |         ^^^^^^^^^^^^^^^^^^^^^^^^^^^^^^^^^^^^^^^^^^^
     = help: for further information visit https://rust-lang.github.io/rust-clippy/rust-1.91.0/index.html#field_reassign_with_default

error: the loop variable `i` is only used to index `reb_particle_solarsystem`
    --> src\tools.rs:1511:18
     |
1511 |         for i in 5..9 {
     |                  ^^^^
     |
     = help: for further information visit https://rust-lang.github.io/rust-clippy/rust-1.91.0/index.html#needless_range_loop
help: consider using an iterator
     |
1511 -         for i in 5..9 {
1511 +         for <item> in reb_particle_solarsystem.iter().skip(5) {
     |

error: the loop variable `i` is only used to index `reb_particle_solarsystem`
    --> src\tools.rs:1520:18
     |
1520 |         for i in 0..9 {
     |                  ^^^^
     |
     = help: for further information visit https://rust-lang.github.io/rust-clippy/rust-1.91.0/index.html#needless_range_loop
help: consider using an iterator
     |
1520 -         for i in 0..9 {
1520 +         for <item> in &reb_particle_solarsystem {
     |

error: field assignment outside of initializer for an instance created with Default::default()
   --> src\boundary.rs:140:13
    |
140 |             gb.vx = 0.;
    |             ^^^^^^^^^^^
    |
note: consider initializing the variable with `types::reb_vec6d { vx: 0., vy: -1.5 * (i as f64) * OMEGA * boxsize.x, vz: 0., ..Default::default() }` and removing relevant reassignments
   --> src\boundary.rs:138:13
    |
138 |             let mut gb = reb_vec6d::default();
    |             ^^^^^^^^^^^^^^^^^^^^^^^^^^^^^^^^^^
    = help: for further information visit https://rust-lang.github.io/rust-clippy/rust-1.91.0/index.html#field_reassign_with_default

error: manual implementation of `.is_multiple_of()`
  --> src\tree.rs:83:44
   |
83 |             cell.x = px + cell.w / 2. * if (o >> 0) % 2 == 0 { 1. } else { -1. };
   |                                            ^^^^^^^^^^^^^^^^^ help: replace with: `(o >> 0).is_multiple_of(2)`
   |
   = help: for further information visit https://rust-lang.github.io/rust-clippy/rust-1.91.0/index.html#manual_is_multiple_of
   = note: `#[deny(clippy::manual_is_multiple_of)]` implied by `#[deny(warnings)]`

error: this operation has no effect
  --> src\tree.rs:83:44
   |
83 |             cell.x = px + cell.w / 2. * if (o >> 0) % 2 == 0 { 1. } else { -1. };
   |                                            ^^^^^^^^ help: consider reducing it to: `o`
   |
   = help: for further information visit https://rust-lang.github.io/rust-clippy/rust-1.91.0/index.html#identity_op
   = note: `#[deny(clippy::identity_op)]` implied by `#[deny(warnings)]`

error: manual implementation of `.is_multiple_of()`
  --> src\tree.rs:84:44
   |
84 |             cell.y = py + cell.w / 2. * if (o >> 1) % 2 == 0 { 1. } else { -1. };
   |                                            ^^^^^^^^^^^^^^^^^ help: replace with: `(o >> 1).is_multiple_of(2)`
   |
   = help: for further information visit https://rust-lang.github.io/rust-clippy/rust-1.91.0/index.html#manual_is_multiple_of

error: manual implementation of `.is_multiple_of()`
  --> src\tree.rs:85:44
   |
85 |             cell.z = pz + cell.w / 2. * if (o >> 2) % 2 == 0 { 1. } else { -1. };
   |                                            ^^^^^^^^^^^^^^^^^ help: replace with: `(o >> 2).is_multiple_of(2)`
   |
   = help: for further information visit https://rust-lang.github.io/rust-clippy/rust-1.91.0/index.html#manual_is_multiple_of

error: this looks like you are swapping elements of `r.collisions` manually
   --> src\collision.rs:289:9
    |
289 | /         let c1 = r.collisions[i];
290 | |         r.collisions[i] = r.collisions[new];
291 | |         r.collisions[new] = c1;
    | |_______________________________^ help: try: `r.collisions.swap(i, new);`
    |
    = help: for further information visit https://rust-lang.github.io/rust-clippy/rust-1.91.0/index.html#manual_swap
    = note: `#[deny(clippy::manual_swap)]` implied by `#[deny(warnings)]`

error: this function has too many arguments (8/7)
   --> src\collision.rs:356:1
    |
356 | / fn get_nearest_neighbour_in_cell(
357 | |     r: &mut reb_simulation,
358 | |     gb: &reb_vec6d,
359 | |     gbunmod: &reb_vec6d,
...   |
364 | |     c: usize,
365 | | ) {
    | |_^
    |
    = help: for further information visit https://rust-lang.github.io/rust-clippy/rust-1.91.0/index.html#too_many_arguments

error: this function has too many arguments (9/7)
   --> src\collision.rs:426:1
    |
426 | / fn check_for_overlapping_trajectories_in_cell(
427 | |     r: &mut reb_simulation,
428 | |     gb: &reb_vec6d,
429 | |     gbunmod: &reb_vec6d,
...   |
435 | |     maxdrift: f64,
436 | | ) {
    | |_^
    |
    = help: for further information visit https://rust-lang.github.io/rust-clippy/rust-1.91.0/index.html#too_many_arguments

error: unneeded late initialization
   --> src\collision.rs:515:5
    |
515 |     let oldvyouter;
    |     ^^^^^^^^^^^^^^^
    |
    = help: for further information visit https://rust-lang.github.io/rust-clippy/rust-1.91.0/index.html#needless_late_init
    = note: `#[deny(clippy::needless_late_init)]` implied by `#[deny(warnings)]`
help: move the declaration `oldvyouter` here and remove the assignments from the branches
    |
515 ~     
516 ~     let oldvyouter = if x21 > 0. {
517 ~         p1.vy
518 |     } else {
519 ~         p2.vy
520 ~     };
    |

error: manual implementation of an assign operation
   --> src\output.rs:178:9
    |
178 |         Q.x = Q.x + (p.vx - Aim1.x) * (p.vx - A.x);
    |         ^^^^^^^^^^^^^^^^^^^^^^^^^^^^^^^^^^^^^^^^^^ help: replace it with: `Q.x += (p.vx - Aim1.x) * (p.vx - A.x)`
    |
    = help: for further information visit https://rust-lang.github.io/rust-clippy/rust-1.91.0/index.html#assign_op_pattern
    = note: `#[deny(clippy::assign_op_pattern)]` implied by `#[deny(warnings)]`

error: manual implementation of an assign operation
   --> src\output.rs:180:13
    |
180 | /             Q.y = Q.y
181 | |                 + (p.vy + 1.5 * r.OMEGA * p.x - Aim1.y) * (p.vy + 1.5 * r.OMEGA * p.x - A.y);
    | |____________________________________________________________________________________________^ help: replace it with: `Q.y += (p.vy + 1.5 * r.OMEGA * p.x - Aim1.y) * (p.vy + 1.5 * r.OMEGA * p.x - A.y)`
    |
    = help: for further information visit https://rust-lang.github.io/rust-clippy/rust-1.91.0/index.html#assign_op_pattern

error: manual implementation of an assign operation
   --> src\output.rs:183:13
    |
183 |             Q.y = Q.y + (p.vy - Aim1.y) * (p.vy - A.y);
    |             ^^^^^^^^^^^^^^^^^^^^^^^^^^^^^^^^^^^^^^^^^^ help: replace it with: `Q.y += (p.vy - Aim1.y) * (p.vy - A.y)`
    |
    = help: for further information visit https://rust-lang.github.io/rust-clippy/rust-1.91.0/index.html#assign_op_pattern

error: manual implementation of an assign operation
   --> src\output.rs:185:9
    |
185 |         Q.z = Q.z + (p.vz - Aim1.z) * (p.vz - A.z);
    |         ^^^^^^^^^^^^^^^^^^^^^^^^^^^^^^^^^^^^^^^^^^ help: replace it with: `Q.z += (p.vz - Aim1.z) * (p.vz - A.z)`
    |
    = help: for further information visit https://rust-lang.github.io/rust-clippy/rust-1.91.0/index.html#assign_op_pattern

error: the loop variable `i` is only used to index `particles`
   --> src\transformations.rs:337:14
    |
337 |     for i in 0..N_active {
    |              ^^^^^^^^^^^
    |
    = help: for further information visit https://rust-lang.github.io/rust-clippy/rust-1.91.0/index.html#needless_range_loop
help: consider using an iterator
    |
337 -     for i in 0..N_active {
337 +     for <item> in particles.iter().take(N_active) {
    |

error: the loop variable `i` is only used to index `particles`
   --> src\transformations.rs:437:14
    |
437 |     for i in 0..N_active {
    |              ^^^^^^^^^^^
    |
    = help: for further information visit https://rust-lang.github.io/rust-clippy/rust-1.91.0/index.html#needless_range_loop
help: consider using an iterator
    |
437 -     for i in 0..N_active {
437 +     for <item> in particles.iter().take(N_active) {
    |

error: this operation has no effect
   --> src\rotations.rs:294:14
    |
294 |         nm.m[0 + j * 4] *= x;
    |              ^^^^^^^^^ help: consider reducing it to: `(j * 4)`
    |
    = help: for further information visit https://rust-lang.github.io/rust-clippy/rust-1.91.0/index.html#identity_op

error: this operation has no effect
   --> src\rotations.rs:320:32
    |
320 |     nm.m[3 + 4 * 0] += x * m.m[0 + 4 * 0] + y * m.m[1 + 4 * 0] + z * m.m[2 + 4 * 0];
    |                                ^^^^^^^^^ help: consider reducing it to: `(4 * 0)`
    |
    = help: for further information visit https://rust-lang.github.io/rust-clippy/rust-1.91.0/index.html#identity_op

error: this operation will always return zero. This is likely not the intended outcome
   --> src\rotations.rs:320:36
    |
320 |     nm.m[3 + 4 * 0] += x * m.m[0 + 4 * 0] + y * m.m[1 + 4 * 0] + z * m.m[2 + 4 * 0];
    |                                    ^^^^^
    |
    = help: for further information visit https://rust-lang.github.io/rust-clippy/rust-1.91.0/index.html#erasing_op
    = note: `#[deny(clippy::erasing_op)]` on by default

error: this operation has no effect
   --> src\rotations.rs:320:53
    |
320 |     nm.m[3 + 4 * 0] += x * m.m[0 + 4 * 0] + y * m.m[1 + 4 * 0] + z * m.m[2 + 4 * 0];
    |                                                     ^^^^^^^^^ help: consider reducing it to: `1`
    |
    = help: for further information visit https://rust-lang.github.io/rust-clippy/rust-1.91.0/index.html#identity_op

error: this operation will always return zero. This is likely not the intended outcome
   --> src\rotations.rs:320:57
    |
320 |     nm.m[3 + 4 * 0] += x * m.m[0 + 4 * 0] + y * m.m[1 + 4 * 0] + z * m.m[2 + 4 * 0];
    |                                                         ^^^^^
    |
    = help: for further information visit https://rust-lang.github.io/rust-clippy/rust-1.91.0/index.html#erasing_op

error: this operation has no effect
   --> src\rotations.rs:320:74
    |
320 |     nm.m[3 + 4 * 0] += x * m.m[0 + 4 * 0] + y * m.m[1 + 4 * 0] + z * m.m[2 + 4 * 0];
    |                                                                          ^^^^^^^^^ help: consider reducing it to: `2`
    |
    = help: for further information visit https://rust-lang.github.io/rust-clippy/rust-1.91.0/index.html#identity_op

error: this operation will always return zero. This is likely not the intended outcome
   --> src\rotations.rs:320:78
    |
320 |     nm.m[3 + 4 * 0] += x * m.m[0 + 4 * 0] + y * m.m[1 + 4 * 0] + z * m.m[2 + 4 * 0];
    |                                                                              ^^^^^
    |
    = help: for further information visit https://rust-lang.github.io/rust-clippy/rust-1.91.0/index.html#erasing_op

error: this operation has no effect
   --> src\rotations.rs:320:10
    |
320 |     nm.m[3 + 4 * 0] += x * m.m[0 + 4 * 0] + y * m.m[1 + 4 * 0] + z * m.m[2 + 4 * 0];
    |          ^^^^^^^^^ help: consider reducing it to: `3`
    |
    = help: for further information visit https://rust-lang.github.io/rust-clippy/rust-1.91.0/index.html#identity_op

error: this operation will always return zero. This is likely not the intended outcome
   --> src\rotations.rs:320:14
    |
320 |     nm.m[3 + 4 * 0] += x * m.m[0 + 4 * 0] + y * m.m[1 + 4 * 0] + z * m.m[2 + 4 * 0];
    |              ^^^^^
    |
    = help: for further information visit https://rust-lang.github.io/rust-clippy/rust-1.91.0/index.html#erasing_op

error: this operation has no effect
   --> src\rotations.rs:321:32
    |
321 |     nm.m[3 + 4 * 1] += x * m.m[0 + 4 * 1] + y * m.m[1 + 4 * 1] + z * m.m[2 + 4 * 1];
    |                                ^^^^^^^^^ help: consider reducing it to: `(4 * 1)`
    |
    = help: for further information visit https://rust-lang.github.io/rust-clippy/rust-1.91.0/index.html#identity_op

error: this operation has no effect
   --> src\rotations.rs:321:36
    |
321 |     nm.m[3 + 4 * 1] += x * m.m[0 + 4 * 1] + y * m.m[1 + 4 * 1] + z * m.m[2 + 4 * 1];
    |                                    ^^^^^ help: consider reducing it to: `4`
    |
    = help: for further information visit https://rust-lang.github.io/rust-clippy/rust-1.91.0/index.html#identity_op

error: this operation has no effect
   --> src\rotations.rs:321:57
    |
321 |     nm.m[3 + 4 * 1] += x * m.m[0 + 4 * 1] + y * m.m[1 + 4 * 1] + z * m.m[2 + 4 * 1];
    |                                                         ^^^^^ help: consider reducing it to: `4`
    |
    = help: for further information visit https://rust-lang.github.io/rust-clippy/rust-1.91.0/index.html#identity_op

error: this operation has no effect
   --> src\rotations.rs:321:78
    |
321 |     nm.m[3 + 4 * 1] += x * m.m[0 + 4 * 1] + y * m.m[1 + 4 * 1] + z * m.m[2 + 4 * 1];
    |                                                                              ^^^^^ help: consider reducing it to: `4`
    |
    = help: for further information visit https://rust-lang.github.io/rust-clippy/rust-1.91.0/index.html#identity_op

error: this operation has no effect
   --> src\rotations.rs:321:14
    |
321 |     nm.m[3 + 4 * 1] += x * m.m[0 + 4 * 1] + y * m.m[1 + 4 * 1] + z * m.m[2 + 4 * 1];
    |              ^^^^^ help: consider reducing it to: `4`
    |
    = help: for further information visit https://rust-lang.github.io/rust-clippy/rust-1.91.0/index.html#identity_op

error: this operation has no effect
   --> src\rotations.rs:322:32
    |
322 |     nm.m[3 + 4 * 2] += x * m.m[0 + 4 * 2] + y * m.m[1 + 4 * 2] + z * m.m[2 + 4 * 2];
    |                                ^^^^^^^^^ help: consider reducing it to: `(4 * 2)`
    |
    = help: for further information visit https://rust-lang.github.io/rust-clippy/rust-1.91.0/index.html#identity_op

error: float has excessive precision
  --> src\integrator_leapfrog.rs:40:5
   |
40 |     0.1444059410800120,
   |     ^^^^^^^^^^^^^^^^^^
   |
   = help: for further information visit https://rust-lang.github.io/rust-clippy/rust-1.91.0/index.html#excessive_precision
help: consider changing the type or truncating it to
   |
40 -     0.1444059410800120,
40 +     0.144_405_941_080_012,
   |

error: float has excessive precision
  --> src\integrator_leapfrog.rs:43:6
   |
43 |     -0.6269948254051343979,
   |      ^^^^^^^^^^^^^^^^^^^^^
   |
   = help: for further information visit https://rust-lang.github.io/rust-clippy/rust-1.91.0/index.html#excessive_precision
help: consider changing the type or truncating it to
   |
43 -     -0.6269948254051343979,
43 +     -0.626_994_825_405_134_4,
   |

error: float has excessive precision
  --> src\integrator_ias15.rs:78:5
   |
78 |     0.0562625605369221464656521910318,
   |     ^^^^^^^^^^^^^^^^^^^^^^^^^^^^^^^^^
   |
   = help: for further information visit https://rust-lang.github.io/rust-clippy/rust-1.91.0/index.html#excessive_precision
help: consider changing the type or truncating it to
   |
78 -     0.0562625605369221464656521910318,
78 +     0.056_262_560_536_922_15,
   |

error: float has excessive precision
  --> src\integrator_ias15.rs:79:5
   |
79 |     0.180240691736892364987579942780,
   |     ^^^^^^^^^^^^^^^^^^^^^^^^^^^^^^^^
   |
   = help: for further information visit https://rust-lang.github.io/rust-clippy/rust-1.91.0/index.html#excessive_precision
help: consider changing the type or truncating it to
   |
79 -     0.180240691736892364987579942780,
79 +     0.180_240_691_736_892_36,
   |

error: float has excessive precision
  --> src\integrator_ias15.rs:80:5
   |
80 |     0.352624717113169637373907769648,
   |     ^^^^^^^^^^^^^^^^^^^^^^^^^^^^^^^^
   |
   = help: for further information visit https://rust-lang.github.io/rust-clippy/rust-1.91.0/index.html#excessive_precision
help: consider changing the type or truncating it to
   |
80 -     0.352624717113169637373907769648,
80 +     0.352_624_717_113_169_6,
   |

error: float has excessive precision
  --> src\integrator_ias15.rs:81:5
   |
81 |     0.547153626330555383001448554766,
   |     ^^^^^^^^^^^^^^^^^^^^^^^^^^^^^^^^
   |
   = help: for further information visit https://rust-lang.github.io/rust-clippy/rust-1.91.0/index.html#excessive_precision
help: consider changing the type or truncating it to
   |
81 -     0.547153626330555383001448554766,
81 +     0.547_153_626_330_555_4,
   |

error: float has excessive precision
  --> src\integrator_ias15.rs:82:5
   |
82 |     0.734210177215410531523210605558,
   |     ^^^^^^^^^^^^^^^^^^^^^^^^^^^^^^^^
   |
   = help: for further information visit https://rust-lang.github.io/rust-clippy/rust-1.91.0/index.html#excessive_precision
help: consider changing the type or truncating it to
   |
82 -     0.734210177215410531523210605558,
82 +     0.734_210_177_215_410_5,
   |

error: float has excessive precision
  --> src\integrator_ias15.rs:83:5
   |
83 |     0.885320946839095768090359771030,
   |     ^^^^^^^^^^^^^^^^^^^^^^^^^^^^^^^^
   |
   = help: for further information visit https://rust-lang.github.io/rust-clippy/rust-1.91.0/index.html#excessive_precision
help: consider changing the type or truncating it to
   |
83 -     0.885320946839095768090359771030,
83 +     0.885_320_946_839_095_8,
   |

error: float has excessive precision
  --> src\integrator_ias15.rs:84:5
   |
84 |     0.977520613561287501891174488626,
   |     ^^^^^^^^^^^^^^^^^^^^^^^^^^^^^^^^
   |
   = help: for further information visit https://rust-lang.github.io/rust-clippy/rust-1.91.0/index.html#excessive_precision
help: consider changing the type or truncating it to
   |
84 -     0.977520613561287501891174488626,
84 +     0.977_520_613_561_287_5,
   |

error: float has excessive precision
  --> src\integrator_ias15.rs:87:5
   |
87 |     0.0562625605369221464656522,
   |     ^^^^^^^^^^^^^^^^^^^^^^^^^^^
   |
   = help: for further information visit https://rust-lang.github.io/rust-clippy/rust-1.91.0/index.html#excessive_precision
help: consider changing the type or truncating it to
   |
87 -     0.0562625605369221464656522,
87 +     0.056_262_560_536_922_15,
   |

error: float has excessive precision
  --> src\integrator_ias15.rs:88:5
   |
88 |     0.1802406917368923649875799,
   |     ^^^^^^^^^^^^^^^^^^^^^^^^^^^
   |
   = help: for further information visit https://rust-lang.github.io/rust-clippy/rust-1.91.0/index.html#excessive_precision
help: consider changing the type or truncating it to
   |
88 -     0.1802406917368923649875799,
88 +     0.180_240_691_736_892_36,
   |

error: float has excessive precision
  --> src\integrator_ias15.rs:89:5
   |
89 |     0.1239781311999702185219278,
   |     ^^^^^^^^^^^^^^^^^^^^^^^^^^^
   |
   = help: for further information visit https://rust-lang.github.io/rust-clippy/rust-1.91.0/index.html#excessive_precision
help: consider changing the type or truncating it to
   |
89 -     0.1239781311999702185219278,
89 +     0.123_978_131_199_970_21,
   |

error: float has excessive precision
  --> src\integrator_ias15.rs:90:5
   |
90 |     0.3526247171131696373739078,
   |     ^^^^^^^^^^^^^^^^^^^^^^^^^^^
   |
   = help: for further information visit https://rust-lang.github.io/rust-clippy/rust-1.91.0/index.html#excessive_precision
help: consider changing the type or truncating it to
   |
90 -     0.3526247171131696373739078,
90 +     0.352_624_717_113_169_6,
   |

error: float has excessive precision
  --> src\integrator_ias15.rs:91:5
   |
91 |     0.2963621565762474909082556,
   |     ^^^^^^^^^^^^^^^^^^^^^^^^^^^
   |
   = help: for further information visit https://rust-lang.github.io/rust-clippy/rust-1.91.0/index.html#excessive_precision
help: consider changing the type or truncating it to
   |
91 -     0.2963621565762474909082556,
91 +     0.296_362_156_576_247_5,
   |

error: float has excessive precision
  --> src\integrator_ias15.rs:92:5
   |
92 |     0.1723840253762772723863278,
   |     ^^^^^^^^^^^^^^^^^^^^^^^^^^^
   |
   = help: for further information visit https://rust-lang.github.io/rust-clippy/rust-1.91.0/index.html#excessive_precision
help: consider changing the type or truncating it to
   |
92 -     0.1723840253762772723863278,
92 +     0.172_384_025_376_277_28,
   |

error: float has excessive precision
  --> src\integrator_ias15.rs:93:5
   |
93 |     0.5471536263305553830014486,
   |     ^^^^^^^^^^^^^^^^^^^^^^^^^^^
   |
   = help: for further information visit https://rust-lang.github.io/rust-clippy/rust-1.91.0/index.html#excessive_precision
help: consider changing the type or truncating it to
   |
93 -     0.5471536263305553830014486,
93 +     0.547_153_626_330_555_4,
   |

error: float has excessive precision
  --> src\integrator_ias15.rs:94:5
   |
94 |     0.4908910657936332365357964,
   |     ^^^^^^^^^^^^^^^^^^^^^^^^^^^
   |
   = help: for further information visit https://rust-lang.github.io/rust-clippy/rust-1.91.0/index.html#excessive_precision
help: consider changing the type or truncating it to
   |
94 -     0.4908910657936332365357964,
94 +     0.490_891_065_793_633_23,
   |

error: float has excessive precision
  --> src\integrator_ias15.rs:95:5
   |
95 |     0.3669129345936630180138686,
   |     ^^^^^^^^^^^^^^^^^^^^^^^^^^^
   |
   = help: for further information visit https://rust-lang.github.io/rust-clippy/rust-1.91.0/index.html#excessive_precision
help: consider changing the type or truncating it to
   |
95 -     0.3669129345936630180138686,
95 +     0.366_912_934_593_663_03,
   |

error: float has excessive precision
  --> src\integrator_ias15.rs:96:5
   |
96 |     0.1945289092173857456275408,
   |     ^^^^^^^^^^^^^^^^^^^^^^^^^^^
   |
   = help: for further information visit https://rust-lang.github.io/rust-clippy/rust-1.91.0/index.html#excessive_precision
help: consider changing the type or truncating it to
   |
96 -     0.1945289092173857456275408,
96 +     0.194_528_909_217_385_75,
   |

error: float has excessive precision
  --> src\integrator_ias15.rs:97:5
   |
97 |     0.7342101772154105315232106,
   |     ^^^^^^^^^^^^^^^^^^^^^^^^^^^
   |
   = help: for further information visit https://rust-lang.github.io/rust-clippy/rust-1.91.0/index.html#excessive_precision
help: consider changing the type or truncating it to
   |
97 -     0.7342101772154105315232106,
97 +     0.734_210_177_215_410_5,
   |

error: float has excessive precision
  --> src\integrator_ias15.rs:98:5
   |
98 |     0.6779476166784883850575584,
   |     ^^^^^^^^^^^^^^^^^^^^^^^^^^^
   |
   = help: for further information visit https://rust-lang.github.io/rust-clippy/rust-1.91.0/index.html#excessive_precision
help: consider changing the type or truncating it to
   |
98 -     0.6779476166784883850575584,
98 +     0.677_947_616_678_488_4,
   |

error: float has excessive precision
  --> src\integrator_ias15.rs:99:5
   |
99 |     0.5539694854785181665356307,
   |     ^^^^^^^^^^^^^^^^^^^^^^^^^^^
   |
   = help: for further information visit https://rust-lang.github.io/rust-clippy/rust-1.91.0/index.html#excessive_precision
help: consider changing the type or truncating it to
   |
99 -     0.5539694854785181665356307,
99 +     0.553_969_485_478_518_2,
   |

error: float has excessive precision
   --> src\integrator_ias15.rs:100:5
    |
100 |     0.3815854601022408941493028,
    |     ^^^^^^^^^^^^^^^^^^^^^^^^^^^
    |
    = help: for further information visit https://rust-lang.github.io/rust-clippy/rust-1.91.0/index.html#excessive_precision
help: consider changing the type or truncating it to
    |
100 -     0.3815854601022408941493028,
100 +     0.381_585_460_102_240_87,
    |

error: float has excessive precision
   --> src\integrator_ias15.rs:101:5
    |
101 |     0.1870565508848551485217621,
    |     ^^^^^^^^^^^^^^^^^^^^^^^^^^^
    |
    = help: for further information visit https://rust-lang.github.io/rust-clippy/rust-1.91.0/index.html#excessive_precision
help: consider changing the type or truncating it to
    |
101 -     0.1870565508848551485217621,
101 +     0.187_056_550_884_855_15,
    |

error: float has excessive precision
   --> src\integrator_ias15.rs:102:5
    |
102 |     0.8853209468390957680903598,
    |     ^^^^^^^^^^^^^^^^^^^^^^^^^^^
    |
    = help: for further information visit https://rust-lang.github.io/rust-clippy/rust-1.91.0/index.html#excessive_precision
help: consider changing the type or truncating it to
    |
102 -     0.8853209468390957680903598,
102 +     0.885_320_946_839_095_8,
    |

error: float has excessive precision
   --> src\integrator_ias15.rs:103:5
    |
103 |     0.8290583863021736216247076,
    |     ^^^^^^^^^^^^^^^^^^^^^^^^^^^
    |
    = help: for further information visit https://rust-lang.github.io/rust-clippy/rust-1.91.0/index.html#excessive_precision
help: consider changing the type or truncating it to
    |
103 -     0.8290583863021736216247076,
103 +     0.829_058_386_302_173_7,
    |

error: float has excessive precision
   --> src\integrator_ias15.rs:104:5
    |
104 |     0.7050802551022034031027798,
    |     ^^^^^^^^^^^^^^^^^^^^^^^^^^^
    |
    = help: for further information visit https://rust-lang.github.io/rust-clippy/rust-1.91.0/index.html#excessive_precision
help: consider changing the type or truncating it to
    |
104 -     0.7050802551022034031027798,
104 +     0.705_080_255_102_203_4,
    |

error: float has excessive precision
   --> src\integrator_ias15.rs:105:5
    |
105 |     0.5326962297259261307164520,
    |     ^^^^^^^^^^^^^^^^^^^^^^^^^^^
    |
    = help: for further information visit https://rust-lang.github.io/rust-clippy/rust-1.91.0/index.html#excessive_precision
help: consider changing the type or truncating it to
    |
105 -     0.5326962297259261307164520,
105 +     0.532_696_229_725_926_1,
    |

error: float has excessive precision
   --> src\integrator_ias15.rs:106:5
    |
106 |     0.3381673205085403850889112,
    |     ^^^^^^^^^^^^^^^^^^^^^^^^^^^
    |
    = help: for further information visit https://rust-lang.github.io/rust-clippy/rust-1.91.0/index.html#excessive_precision
help: consider changing the type or truncating it to
    |
106 -     0.3381673205085403850889112,
106 +     0.338_167_320_508_540_37,
    |

error: float has excessive precision
   --> src\integrator_ias15.rs:107:5
    |
107 |     0.1511107696236852365671492,
    |     ^^^^^^^^^^^^^^^^^^^^^^^^^^^
    |
    = help: for further information visit https://rust-lang.github.io/rust-clippy/rust-1.91.0/index.html#excessive_precision
help: consider changing the type or truncating it to
    |
107 -     0.1511107696236852365671492,
107 +     0.151_110_769_623_685_25,
    |

error: float has excessive precision
   --> src\integrator_ias15.rs:108:5
    |
108 |     0.9775206135612875018911745,
    |     ^^^^^^^^^^^^^^^^^^^^^^^^^^^
    |
    = help: for further information visit https://rust-lang.github.io/rust-clippy/rust-1.91.0/index.html#excessive_precision
help: consider changing the type or truncating it to
    |
108 -     0.9775206135612875018911745,
108 +     0.977_520_613_561_287_5,
    |

error: float has excessive precision
   --> src\integrator_ias15.rs:109:5
    |
109 |     0.9212580530243653554255223,
    |     ^^^^^^^^^^^^^^^^^^^^^^^^^^^
    |
    = help: for further information visit https://rust-lang.github.io/rust-clippy/rust-1.91.0/index.html#excessive_precision
help: consider changing the type or truncating it to
    |
109 -     0.9212580530243653554255223,
109 +     0.921_258_053_024_365_4,
    |

error: float has excessive precision
   --> src\integrator_ias15.rs:110:5
    |
110 |     0.7972799218243951369035945,
    |     ^^^^^^^^^^^^^^^^^^^^^^^^^^^
    |
    = help: for further information visit https://rust-lang.github.io/rust-clippy/rust-1.91.0/index.html#excessive_precision
help: consider changing the type or truncating it to
    |
110 -     0.7972799218243951369035945,
110 +     0.797_279_921_824_395_1,
    |

error: float has excessive precision
   --> src\integrator_ias15.rs:111:5
    |
111 |     0.6248958964481178645172667,
    |     ^^^^^^^^^^^^^^^^^^^^^^^^^^^
    |
    = help: for further information visit https://rust-lang.github.io/rust-clippy/rust-1.91.0/index.html#excessive_precision
help: consider changing the type or truncating it to
    |
111 -     0.6248958964481178645172667,
111 +     0.624_895_896_448_117_8,
    |

error: float has excessive precision
   --> src\integrator_ias15.rs:112:5
    |
112 |     0.4303669872307321188897259,
    |     ^^^^^^^^^^^^^^^^^^^^^^^^^^^
    |
    = help: for further information visit https://rust-lang.github.io/rust-clippy/rust-1.91.0/index.html#excessive_precision
help: consider changing the type or truncating it to
    |
112 -     0.4303669872307321188897259,
112 +     0.430_366_987_230_732_13,
    |

error: float has excessive precision
   --> src\integrator_ias15.rs:113:5
    |
113 |     0.2433104363458769703679639,
    |     ^^^^^^^^^^^^^^^^^^^^^^^^^^^
    |
    = help: for further information visit https://rust-lang.github.io/rust-clippy/rust-1.91.0/index.html#excessive_precision
help: consider changing the type or truncating it to
    |
113 -     0.2433104363458769703679639,
113 +     0.243_310_436_345_876_96,
    |

error: float has excessive precision
   --> src\integrator_ias15.rs:114:5
    |
114 |     0.0921996667221917338008147,
    |     ^^^^^^^^^^^^^^^^^^^^^^^^^^^
    |
    = help: for further information visit https://rust-lang.github.io/rust-clippy/rust-1.91.0/index.html#excessive_precision
help: consider changing the type or truncating it to
    |
114 -     0.0921996667221917338008147,
114 +     0.092_199_666_722_191_74,
    |

error: float has excessive precision
   --> src\integrator_ias15.rs:117:6
    |
117 |     -0.0562625605369221464656522,
    |      ^^^^^^^^^^^^^^^^^^^^^^^^^^^
    |
    = help: for further information visit https://rust-lang.github.io/rust-clippy/rust-1.91.0/index.html#excessive_precision
help: consider changing the type or truncating it to
    |
117 -     -0.0562625605369221464656522,
117 +     -0.056_262_560_536_922_15,
    |

error: float has excessive precision
   --> src\integrator_ias15.rs:118:5
    |
118 |     0.0101408028300636299864818,
    |     ^^^^^^^^^^^^^^^^^^^^^^^^^^^
    |
    = help: for further information visit https://rust-lang.github.io/rust-clippy/rust-1.91.0/index.html#excessive_precision
help: consider changing the type or truncating it to
    |
118 -     0.0101408028300636299864818,
118 +     0.010_140_802_830_063_63,
    |

error: float has excessive precision
   --> src\integrator_ias15.rs:119:6
    |
119 |     -0.2365032522738145114532321,
    |      ^^^^^^^^^^^^^^^^^^^^^^^^^^^
    |
    = help: for further information visit https://rust-lang.github.io/rust-clippy/rust-1.91.0/index.html#excessive_precision
help: consider changing the type or truncating it to
    |
119 -     -0.2365032522738145114532321,
119 +     -0.236_503_252_273_814_52,
    |

error: float has excessive precision
   --> src\integrator_ias15.rs:120:6
    |
120 |     -0.0035758977292516175949345,
    |      ^^^^^^^^^^^^^^^^^^^^^^^^^^^
    |
    = help: for further information visit https://rust-lang.github.io/rust-clippy/rust-1.91.0/index.html#excessive_precision
help: consider changing the type or truncating it to
    |
120 -     -0.0035758977292516175949345,
120 +     -0.003_575_897_729_251_617_6,
    |

error: float has excessive precision
   --> src\integrator_ias15.rs:121:5
    |
121 |     0.0935376952594620658957485,
    |     ^^^^^^^^^^^^^^^^^^^^^^^^^^^
    |
    = help: for further information visit https://rust-lang.github.io/rust-clippy/rust-1.91.0/index.html#excessive_precision
help: consider changing the type or truncating it to
    |
121 -     0.0935376952594620658957485,
121 +     0.093_537_695_259_462_07,
    |

error: float has excessive precision
   --> src\integrator_ias15.rs:122:6
    |
122 |     -0.5891279693869841488271399,
    |      ^^^^^^^^^^^^^^^^^^^^^^^^^^^
    |
    = help: for further information visit https://rust-lang.github.io/rust-clippy/rust-1.91.0/index.html#excessive_precision
help: consider changing the type or truncating it to
    |
122 -     -0.5891279693869841488271399,
122 +     -0.589_127_969_386_984_2,
    |

error: float has excessive precision
   --> src\integrator_ias15.rs:123:5
    |
123 |     0.0019565654099472210769006,
    |     ^^^^^^^^^^^^^^^^^^^^^^^^^^^
    |
    = help: for further information visit https://rust-lang.github.io/rust-clippy/rust-1.91.0/index.html#excessive_precision
help: consider changing the type or truncating it to
    |
123 -     0.0019565654099472210769006,
123 +     0.001_956_565_409_947_221,
    |

error: float has excessive precision
   --> src\integrator_ias15.rs:124:6
    |
124 |     -0.0547553868890686864408084,
    |      ^^^^^^^^^^^^^^^^^^^^^^^^^^^
    |
    = help: for further information visit https://rust-lang.github.io/rust-clippy/rust-1.91.0/index.html#excessive_precision
help: consider changing the type or truncating it to
    |
124 -     -0.0547553868890686864408084,
124 +     -0.054_755_386_889_068_69,
    |

error: float has excessive precision
   --> src\integrator_ias15.rs:125:5
    |
125 |     0.4158812000823068616886219,
    |     ^^^^^^^^^^^^^^^^^^^^^^^^^^^
    |
    = help: for further information visit https://rust-lang.github.io/rust-clippy/rust-1.91.0/index.html#excessive_precision
help: consider changing the type or truncating it to
    |
125 -     0.4158812000823068616886219,
125 +     0.415_881_200_082_306_83,
    |

error: float has excessive precision
   --> src\integrator_ias15.rs:126:6
    |
126 |     -1.1362815957175395318285885,
    |      ^^^^^^^^^^^^^^^^^^^^^^^^^^^
    |
    = help: for further information visit https://rust-lang.github.io/rust-clippy/rust-1.91.0/index.html#excessive_precision
help: consider changing the type or truncating it to
    |
126 -     -1.1362815957175395318285885,
126 +     -1.136_281_595_717_539_6,
    |

error: float has excessive precision
   --> src\integrator_ias15.rs:127:6
    |
127 |     -0.0014365302363708915424460,
    |      ^^^^^^^^^^^^^^^^^^^^^^^^^^^
    |
    = help: for further information visit https://rust-lang.github.io/rust-clippy/rust-1.91.0/index.html#excessive_precision
help: consider changing the type or truncating it to
    |
127 -     -0.0014365302363708915424460,
127 +     -0.001_436_530_236_370_891_5,
    |

error: float has excessive precision
   --> src\integrator_ias15.rs:128:5
    |
128 |     0.0421585277212687077072973,
    |     ^^^^^^^^^^^^^^^^^^^^^^^^^^^
    |
    = help: for further information visit https://rust-lang.github.io/rust-clippy/rust-1.91.0/index.html#excessive_precision
help: consider changing the type or truncating it to
    |
128 -     0.0421585277212687077072973,
128 +     0.042_158_527_721_268_706,
    |

error: float has excessive precision
   --> src\integrator_ias15.rs:129:6
    |
129 |     -0.3600995965020568122897665,
    |      ^^^^^^^^^^^^^^^^^^^^^^^^^^^
    |
    = help: for further information visit https://rust-lang.github.io/rust-clippy/rust-1.91.0/index.html#excessive_precision
help: consider changing the type or truncating it to
    |
129 -     -0.3600995965020568122897665,
129 +     -0.360_099_596_502_056_8,
    |

error: float has excessive precision
   --> src\integrator_ias15.rs:130:5
    |
130 |     1.2501507118406910258505441,
    |     ^^^^^^^^^^^^^^^^^^^^^^^^^^^
    |
    = help: for further information visit https://rust-lang.github.io/rust-clippy/rust-1.91.0/index.html#excessive_precision
help: consider changing the type or truncating it to
    |
130 -     1.2501507118406910258505441,
130 +     1.250_150_711_840_691,
    |

error: float has excessive precision
   --> src\integrator_ias15.rs:131:6
    |
131 |     -1.8704917729329500633517991,
    |      ^^^^^^^^^^^^^^^^^^^^^^^^^^^
    |
    = help: for further information visit https://rust-lang.github.io/rust-clippy/rust-1.91.0/index.html#excessive_precision
help: consider changing the type or truncating it to
    |
131 -     -1.8704917729329500633517991,
131 +     -1.870_491_772_932_95,
    |

error: float has excessive precision
   --> src\integrator_ias15.rs:132:5
    |
132 |     0.0012717903090268677492943,
    |     ^^^^^^^^^^^^^^^^^^^^^^^^^^^
    |
    = help: for further information visit https://rust-lang.github.io/rust-clippy/rust-1.91.0/index.html#excessive_precision
help: consider changing the type or truncating it to
    |
132 -     0.0012717903090268677492943,
132 +     0.001_271_790_309_026_867_8,
    |

error: float has excessive precision
   --> src\integrator_ias15.rs:133:6
    |
133 |     -0.0387603579159067703699046,
    |      ^^^^^^^^^^^^^^^^^^^^^^^^^^^
    |
    = help: for further information visit https://rust-lang.github.io/rust-clippy/rust-1.91.0/index.html#excessive_precision
help: consider changing the type or truncating it to
    |
133 -     -0.0387603579159067703699046,
133 +     -0.038_760_357_915_906_77,
    |

error: float has excessive precision
   --> src\integrator_ias15.rs:134:5
    |
134 |     0.3609622434528459832253398,
    |     ^^^^^^^^^^^^^^^^^^^^^^^^^^^
    |
    = help: for further information visit https://rust-lang.github.io/rust-clippy/rust-1.91.0/index.html#excessive_precision
help: consider changing the type or truncating it to
    |
134 -     0.3609622434528459832253398,
134 +     0.360_962_243_452_846,
    |

error: float has excessive precision
   --> src\integrator_ias15.rs:135:6
    |
135 |     -1.4668842084004269643701553,
    |      ^^^^^^^^^^^^^^^^^^^^^^^^^^^
    |
    = help: for further information visit https://rust-lang.github.io/rust-clippy/rust-1.91.0/index.html#excessive_precision
help: consider changing the type or truncating it to
    |
135 -     -1.4668842084004269643701553,
135 +     -1.466_884_208_400_427,
    |

error: float has excessive precision
   --> src\integrator_ias15.rs:136:5
    |
136 |     2.9061362593084293014237913,
    |     ^^^^^^^^^^^^^^^^^^^^^^^^^^^
    |
    = help: for further information visit https://rust-lang.github.io/rust-clippy/rust-1.91.0/index.html#excessive_precision
help: consider changing the type or truncating it to
    |
136 -     2.9061362593084293014237913,
136 +     2.906_136_259_308_429_4,
    |

error: float has excessive precision
   --> src\integrator_ias15.rs:137:6
    |
137 |     -2.7558127197720458314421588,
    |      ^^^^^^^^^^^^^^^^^^^^^^^^^^^
    |
    = help: for further information visit https://rust-lang.github.io/rust-clippy/rust-1.91.0/index.html#excessive_precision
help: consider changing the type or truncating it to
    |
137 -     -2.7558127197720458314421588,
137 +     -2.755_812_719_772_045_7,
    |

error: float has excessive precision
   --> src\integrator_ias15.rs:140:5
    |
140 |     0.0562625605369221464656522,
    |     ^^^^^^^^^^^^^^^^^^^^^^^^^^^
    |
    = help: for further information visit https://rust-lang.github.io/rust-clippy/rust-1.91.0/index.html#excessive_precision
help: consider changing the type or truncating it to
    |
140 -     0.0562625605369221464656522,
140 +     0.056_262_560_536_922_15,
    |

error: float has excessive precision
   --> src\integrator_ias15.rs:141:5
    |
141 |     0.0031654757181708292499905,
    |     ^^^^^^^^^^^^^^^^^^^^^^^^^^^
    |
    = help: for further information visit https://rust-lang.github.io/rust-clippy/rust-1.91.0/index.html#excessive_precision
help: consider changing the type or truncating it to
    |
141 -     0.0031654757181708292499905,
141 +     0.003_165_475_718_170_829_3,
    |

error: float has excessive precision
   --> src\integrator_ias15.rs:142:5
    |
142 |     0.2365032522738145114532321,
    |     ^^^^^^^^^^^^^^^^^^^^^^^^^^^
    |
    = help: for further information visit https://rust-lang.github.io/rust-clippy/rust-1.91.0/index.html#excessive_precision
help: consider changing the type or truncating it to
    |
142 -     0.2365032522738145114532321,
142 +     0.236_503_252_273_814_52,
    |

error: float has excessive precision
   --> src\integrator_ias15.rs:143:5
    |
143 |     0.0001780977692217433881125,
    |     ^^^^^^^^^^^^^^^^^^^^^^^^^^^
    |
    = help: for further information visit https://rust-lang.github.io/rust-clippy/rust-1.91.0/index.html#excessive_precision
help: consider changing the type or truncating it to
    |
143 -     0.0001780977692217433881125,
143 +     0.000_178_097_769_221_743_38,
    |

error: float has excessive precision
   --> src\integrator_ias15.rs:144:5
    |
144 |     0.0457929855060279188954539,
    |     ^^^^^^^^^^^^^^^^^^^^^^^^^^^
    |
    = help: for further information visit https://rust-lang.github.io/rust-clippy/rust-1.91.0/index.html#excessive_precision
help: consider changing the type or truncating it to
    |
144 -     0.0457929855060279188954539,
144 +     0.045_792_985_506_027_92,
    |

error: float has excessive precision
   --> src\integrator_ias15.rs:145:5
    |
145 |     0.5891279693869841488271399,
    |     ^^^^^^^^^^^^^^^^^^^^^^^^^^^
    |
    = help: for further information visit https://rust-lang.github.io/rust-clippy/rust-1.91.0/index.html#excessive_precision
help: consider changing the type or truncating it to
    |
145 -     0.5891279693869841488271399,
145 +     0.589_127_969_386_984_2,
    |

error: float has excessive precision
   --> src\integrator_ias15.rs:146:5
    |
146 |     0.0000100202365223291272096,
    |     ^^^^^^^^^^^^^^^^^^^^^^^^^^^
    |
    = help: for further information visit https://rust-lang.github.io/rust-clippy/rust-1.91.0/index.html#excessive_precision
help: consider changing the type or truncating it to
    |
146 -     0.0000100202365223291272096,
146 +     0.000_010_020_236_522_329_128,
    |

error: float has excessive precision
   --> src\integrator_ias15.rs:147:5
    |
147 |     0.0084318571535257015445000,
    |     ^^^^^^^^^^^^^^^^^^^^^^^^^^^
    |
    = help: for further information visit https://rust-lang.github.io/rust-clippy/rust-1.91.0/index.html#excessive_precision
help: consider changing the type or truncating it to
    |
147 -     0.0084318571535257015445000,
147 +     0.008_431_857_153_525_702,
    |

error: float has excessive precision
   --> src\integrator_ias15.rs:148:5
    |
148 |     0.2535340690545692665214616,
    |     ^^^^^^^^^^^^^^^^^^^^^^^^^^^
    |
    = help: for further information visit https://rust-lang.github.io/rust-clippy/rust-1.91.0/index.html#excessive_precision
help: consider changing the type or truncating it to
    |
148 -     0.2535340690545692665214616,
148 +     0.253_534_069_054_569_27,
    |

error: float has excessive precision
   --> src\integrator_ias15.rs:149:5
    |
149 |     1.1362815957175395318285885,
    |     ^^^^^^^^^^^^^^^^^^^^^^^^^^^
    |
    = help: for further information visit https://rust-lang.github.io/rust-clippy/rust-1.91.0/index.html#excessive_precision
help: consider changing the type or truncating it to
    |
149 -     1.1362815957175395318285885,
149 +     1.136_281_595_717_539_6,
    |

error: float has excessive precision
   --> src\integrator_ias15.rs:150:5
    |
150 |     0.0000005637641639318207610,
    |     ^^^^^^^^^^^^^^^^^^^^^^^^^^^
    |
    = help: for further information visit https://rust-lang.github.io/rust-clippy/rust-1.91.0/index.html#excessive_precision
help: consider changing the type or truncating it to
    |
150 -     0.0000005637641639318207610,
150 +     0.000_000_563_764_163_931_820_8,
    |

error: float has excessive precision
   --> src\integrator_ias15.rs:151:5
    |
151 |     0.0015297840025004658189490,
    |     ^^^^^^^^^^^^^^^^^^^^^^^^^^^
    |
    = help: for further information visit https://rust-lang.github.io/rust-clippy/rust-1.91.0/index.html#excessive_precision
help: consider changing the type or truncating it to
    |
151 -     0.0015297840025004658189490,
151 +     0.001_529_784_002_500_465_7,
    |

error: float has excessive precision
   --> src\integrator_ias15.rs:152:5
    |
152 |     0.0978342365324440053653648,
    |     ^^^^^^^^^^^^^^^^^^^^^^^^^^^
    |
    = help: for further information visit https://rust-lang.github.io/rust-clippy/rust-1.91.0/index.html#excessive_precision
help: consider changing the type or truncating it to
    |
152 -     0.0978342365324440053653648,
152 +     0.097_834_236_532_444_01,
    |

error: float has excessive precision
   --> src\integrator_ias15.rs:153:5
    |
153 |     0.8752546646840910912297246,
    |     ^^^^^^^^^^^^^^^^^^^^^^^^^^^
    |
    = help: for further information visit https://rust-lang.github.io/rust-clippy/rust-1.91.0/index.html#excessive_precision
help: consider changing the type or truncating it to
    |
153 -     0.8752546646840910912297246,
153 +     0.875_254_664_684_091_1,
    |

error: float has excessive precision
   --> src\integrator_ias15.rs:154:5
    |
154 |     1.8704917729329500633517991,
    |     ^^^^^^^^^^^^^^^^^^^^^^^^^^^
    |
    = help: for further information visit https://rust-lang.github.io/rust-clippy/rust-1.91.0/index.html#excessive_precision
help: consider changing the type or truncating it to
    |
154 -     1.8704917729329500633517991,
154 +     1.870_491_772_932_95,
    |

error: float has excessive precision
   --> src\integrator_ias15.rs:155:5
    |
155 |     0.0000000317188154017613665,
    |     ^^^^^^^^^^^^^^^^^^^^^^^^^^^
    |
    = help: for further information visit https://rust-lang.github.io/rust-clippy/rust-1.91.0/index.html#excessive_precision
help: consider changing the type or truncating it to
    |
155 -     0.0000000317188154017613665,
155 +     0.000_000_031_718_815_401_761_364,
    |

error: float has excessive precision
   --> src\integrator_ias15.rs:156:5
    |
156 |     0.0002762930909826476593130,
    |     ^^^^^^^^^^^^^^^^^^^^^^^^^^^
    |
    = help: for further information visit https://rust-lang.github.io/rust-clippy/rust-1.91.0/index.html#excessive_precision
help: consider changing the type or truncating it to
    |
156 -     0.0002762930909826476593130,
156 +     0.000_276_293_090_982_647_7,
    |

error: float has excessive precision
   --> src\integrator_ias15.rs:157:5
    |
157 |     0.0360285539837364596003871,
    |     ^^^^^^^^^^^^^^^^^^^^^^^^^^^
    |
    = help: for further information visit https://rust-lang.github.io/rust-clippy/rust-1.91.0/index.html#excessive_precision
help: consider changing the type or truncating it to
    |
157 -     0.0360285539837364596003871,
157 +     0.036_028_553_983_736_46,
    |

error: float has excessive precision
   --> src\integrator_ias15.rs:158:5
    |
158 |     0.5767330002770787313544596,
    |     ^^^^^^^^^^^^^^^^^^^^^^^^^^^
    |
    = help: for further information visit https://rust-lang.github.io/rust-clippy/rust-1.91.0/index.html#excessive_precision
help: consider changing the type or truncating it to
    |
158 -     0.5767330002770787313544596,
158 +     0.576_733_000_277_078_7,
    |

error: float has excessive precision
   --> src\integrator_ias15.rs:159:5
    |
159 |     2.2485887607691597933926895,
    |     ^^^^^^^^^^^^^^^^^^^^^^^^^^^
    |
    = help: for further information visit https://rust-lang.github.io/rust-clippy/rust-1.91.0/index.html#excessive_precision
help: consider changing the type or truncating it to
    |
159 -     2.2485887607691597933926895,
159 +     2.248_588_760_769_16,
    |

error: float has excessive precision
   --> src\integrator_ias15.rs:160:5
    |
160 |     2.7558127197720458314421588,
    |     ^^^^^^^^^^^^^^^^^^^^^^^^^^^
    |
    = help: for further information visit https://rust-lang.github.io/rust-clippy/rust-1.91.0/index.html#excessive_precision
help: consider changing the type or truncating it to
    |
160 -     2.7558127197720458314421588,
160 +     2.755_812_719_772_045_7,
    |

error: float has excessive precision
   --> src\integrator_ias15.rs:166:5
    |
166 |     0.185358154802979278540728972807180754479812609,
    |     ^^^^^^^^^^^^^^^^^^^^^^^^^^^^^^^^^^^^^^^^^^^^^^^
    |
    = help: for further information visit https://rust-lang.github.io/rust-clippy/rust-1.91.0/index.html#excessive_precision
help: consider changing the type or truncating it to
    |
166 -     0.185358154802979278540728972807180754479812609,
166 +     0.185_358_154_802_979_3,
    |

error: float has excessive precision
   --> src\integrator_ias15.rs:167:5
    |
167 |     0.304130620646785128975743291458180383736715043,
    |     ^^^^^^^^^^^^^^^^^^^^^^^^^^^^^^^^^^^^^^^^^^^^^^^
    |
    = help: for further information visit https://rust-lang.github.io/rust-clippy/rust-1.91.0/index.html#excessive_precision
help: consider changing the type or truncating it to
    |
167 -     0.304130620646785128975743291458180383736715043,
167 +     0.304_130_620_646_785_14,
    |

error: float has excessive precision
   --> src\integrator_ias15.rs:168:5
    |
168 |     0.376517545389118556572129261157225608762708603,
    |     ^^^^^^^^^^^^^^^^^^^^^^^^^^^^^^^^^^^^^^^^^^^^^^^
    |
    = help: for further information visit https://rust-lang.github.io/rust-clippy/rust-1.91.0/index.html#excessive_precision
help: consider changing the type or truncating it to
    |
168 -     0.376517545389118556572129261157225608762708603,
168 +     0.376_517_545_389_118_6,
    |

error: float has excessive precision
   --> src\integrator_ias15.rs:169:5
    |
169 |     0.391572167452493593082499533303669362149363727,
    |     ^^^^^^^^^^^^^^^^^^^^^^^^^^^^^^^^^^^^^^^^^^^^^^^
    |
    = help: for further information visit https://rust-lang.github.io/rust-clippy/rust-1.91.0/index.html#excessive_precision
help: consider changing the type or truncating it to
    |
169 -     0.391572167452493593082499533303669362149363727,
169 +     0.391_572_167_452_493_57,
    |

error: float has excessive precision
   --> src\integrator_ias15.rs:170:5
    |
170 |     0.347014795634501068709955597003528601733139176,
    |     ^^^^^^^^^^^^^^^^^^^^^^^^^^^^^^^^^^^^^^^^^^^^^^^
    |
    = help: for further information visit https://rust-lang.github.io/rust-clippy/rust-1.91.0/index.html#excessive_precision
help: consider changing the type or truncating it to
    |
170 -     0.347014795634501068709955597003528601733139176,
170 +     0.347_014_795_634_501_05,
    |

error: float has excessive precision
   --> src\integrator_ias15.rs:171:5
    |
171 |     0.249647901329864963257869294715235590174262844,
    |     ^^^^^^^^^^^^^^^^^^^^^^^^^^^^^^^^^^^^^^^^^^^^^^^
    |
    = help: for further information visit https://rust-lang.github.io/rust-clippy/rust-1.91.0/index.html#excessive_precision
help: consider changing the type or truncating it to
    |
171 -     0.249647901329864963257869294715235590174262844,
171 +     0.249_647_901_329_864_97,
    |

error: float has excessive precision
   --> src\integrator_ias15.rs:172:5
    |
172 |     0.114508814744257199342353731044292225247093225,
    |     ^^^^^^^^^^^^^^^^^^^^^^^^^^^^^^^^^^^^^^^^^^^^^^^
    |
    = help: for further information visit https://rust-lang.github.io/rust-clippy/rust-1.91.0/index.html#excessive_precision
help: consider changing the type or truncating it to
    |
172 -     0.114508814744257199342353731044292225247093225,
172 +     0.114_508_814_744_257_2,
    |

error: this operation will always return zero. This is likely not the intended outcome
   --> src\integrator_ias15.rs:284:26
    |
284 |             let _b0 = _b[0 * N3 + k];
    |                          ^^^^^^
    |
    = help: for further information visit https://rust-lang.github.io/rust-clippy/rust-1.91.0/index.html#erasing_op

error: this operation has no effect
   --> src\integrator_ias15.rs:285:26
    |
285 |             let _b1 = _b[1 * N3 + k];
    |                          ^^^^^^ help: consider reducing it to: `N3`
    |
    = help: for further information visit https://rust-lang.github.io/rust-clippy/rust-1.91.0/index.html#identity_op

error: this operation will always return zero. This is likely not the intended outcome
   --> src\integrator_ias15.rs:291:32
    |
291 |             let be0 = _b0 - _e[0 * N3 + k];
    |                                ^^^^^^
    |
    = help: for further information visit https://rust-lang.github.io/rust-clippy/rust-1.91.0/index.html#erasing_op

error: this operation has no effect
   --> src\integrator_ias15.rs:292:32
    |
292 |             let be1 = _b1 - _e[1 * N3 + k];
    |                                ^^^^^^ help: consider reducing it to: `N3`
    |
    = help: for further information visit https://rust-lang.github.io/rust-clippy/rust-1.91.0/index.html#identity_op

error: this operation will always return zero. This is likely not the intended outcome
   --> src\integrator_ias15.rs:299:15
    |
299 |             e[0 * N3 + k] = q1 * (_b6 * 7.0 + _b5 * 6.0 + _b4 * 5.0 + _b3 * 4.0 + _b2 * 3.0 + _b1 * 2.0 + _b0);
    |               ^^^^^^
    |
    = help: for further information visit https://rust-lang.github.io/rust-clippy/rust-1.91.0/index.html#erasing_op

error: this operation has no effect
   --> src\integrator_ias15.rs:300:15
    |
300 |             e[1 * N3 + k] = q2 * (_b6 * 21.0 + _b5 * 15.0 + _b4 * 10.0 + _b3 * 6.0 + _b2 * 3.0 + _b1);
    |               ^^^^^^ help: consider reducing it to: `N3`
    |
    = help: for further information visit https://rust-lang.github.io/rust-clippy/rust-1.91.0/index.html#identity_op

error: this operation will always return zero. This is likely not the intended outcome
   --> src\integrator_ias15.rs:307:31
    |
307 |             b[0 * N3 + k] = e[0 * N3 + k] + be0;
    |                               ^^^^^^
    |
    = help: for further information visit https://rust-lang.github.io/rust-clippy/rust-1.91.0/index.html#erasing_op

error: this operation will always return zero. This is likely not the intended outcome
   --> src\integrator_ias15.rs:307:15
    |
307 |             b[0 * N3 + k] = e[0 * N3 + k] + be0;
    |               ^^^^^^
    |
    = help: for further information visit https://rust-lang.github.io/rust-clippy/rust-1.91.0/index.html#erasing_op

error: this operation has no effect
   --> src\integrator_ias15.rs:308:31
    |
308 |             b[1 * N3 + k] = e[1 * N3 + k] + be1;
    |                               ^^^^^^ help: consider reducing it to: `N3`
    |
    = help: for further information visit https://rust-lang.github.io/rust-clippy/rust-1.91.0/index.html#identity_op

error: this operation has no effect
   --> src\integrator_ias15.rs:308:15
    |
308 |             b[1 * N3 + k] = e[1 * N3 + k] + be1;
    |               ^^^^^^ help: consider reducing it to: `N3`
    |
    = help: for further information visit https://rust-lang.github.io/rust-clippy/rust-1.91.0/index.html#identity_op

error: this operation will always return zero. This is likely not the intended outcome
   --> src\integrator_ias15.rs:340:25
    |
340 |             let _b0 = b[0 * N3 + k];
    |                         ^^^^^^
    |
    = help: for further information visit https://rust-lang.github.io/rust-clippy/rust-1.91.0/index.html#erasing_op

error: this operation has no effect
   --> src\integrator_ias15.rs:341:25
    |
341 |             let _b1 = b[1 * N3 + k];
    |                         ^^^^^^ help: consider reducing it to: `N3`
    |
    = help: for further information visit https://rust-lang.github.io/rust-clippy/rust-1.91.0/index.html#identity_op

error: this operation will always return zero. This is likely not the intended outcome
   --> src\integrator_ias15.rs:347:31
    |
347 |             let be0 = _b0 - e[0 * N3 + k];
    |                               ^^^^^^
    |
    = help: for further information visit https://rust-lang.github.io/rust-clippy/rust-1.91.0/index.html#erasing_op

error: this operation has no effect
   --> src\integrator_ias15.rs:348:31
    |
348 |             let be1 = _b1 - e[1 * N3 + k];
    |                               ^^^^^^ help: consider reducing it to: `N3`
    |
    = help: for further information visit https://rust-lang.github.io/rust-clippy/rust-1.91.0/index.html#identity_op

error: this operation will always return zero. This is likely not the intended outcome
   --> src\integrator_ias15.rs:355:15
    |
355 |             e[0 * N3 + k] = q1 * (_b6 * 7.0 + _b5 * 6.0 + _b4 * 5.0 + _b3 * 4.0 + _b2 * 3.0 + _b1 * 2.0 + _b0);
    |               ^^^^^^
    |
    = help: for further information visit https://rust-lang.github.io/rust-clippy/rust-1.91.0/index.html#erasing_op

error: this operation has no effect
   --> src\integrator_ias15.rs:356:15
    |
356 |             e[1 * N3 + k] = q2 * (_b6 * 21.0 + _b5 * 15.0 + _b4 * 10.0 + _b3 * 6.0 + _b2 * 3.0 + _b1);
    |               ^^^^^^ help: consider reducing it to: `N3`
    |
    = help: for further information visit https://rust-lang.github.io/rust-clippy/rust-1.91.0/index.html#identity_op

error: this operation will always return zero. This is likely not the intended outcome
   --> src\integrator_ias15.rs:363:31
    |
363 |             b[0 * N3 + k] = e[0 * N3 + k] + be0;
    |                               ^^^^^^
    |
    = help: for further information visit https://rust-lang.github.io/rust-clippy/rust-1.91.0/index.html#erasing_op

error: this operation will always return zero. This is likely not the intended outcome
   --> src\integrator_ias15.rs:363:15
    |
363 |             b[0 * N3 + k] = e[0 * N3 + k] + be0;
    |               ^^^^^^
    |
    = help: for further information visit https://rust-lang.github.io/rust-clippy/rust-1.91.0/index.html#erasing_op

error: this operation has no effect
   --> src\integrator_ias15.rs:364:31
    |
364 |             b[1 * N3 + k] = e[1 * N3 + k] + be1;
    |                               ^^^^^^ help: consider reducing it to: `N3`
    |
    = help: for further information visit https://rust-lang.github.io/rust-clippy/rust-1.91.0/index.html#identity_op

error: this operation has no effect
   --> src\integrator_ias15.rs:364:15
    |
364 |             b[1 * N3 + k] = e[1 * N3 + k] + be1;
    |               ^^^^^^ help: consider reducing it to: `N3`
    |
    = help: for further information visit https://rust-lang.github.io/rust-clippy/rust-1.91.0/index.html#identity_op

error: this operation has no effect
   --> src\integrator_ias15.rs:451:148
    |
451 | ...3 * N3 + k] * d[3] + b[2 * N3 + k] * d[1] + b[1 * N3 + k] * d[0] + b[0 * N3 + k];
    |                                                  ^^^^^^ help: consider reducing it to: `N3`
    |
    = help: for further information visit https://rust-lang.github.io/rust-clippy/rust-1.91.0/index.html#identity_op

error: this operation will always return zero. This is likely not the intended outcome
   --> src\integrator_ias15.rs:451:171
    |
451 | ...3 + k] * d[3] + b[2 * N3 + k] * d[1] + b[1 * N3 + k] * d[0] + b[0 * N3 + k];
    |                                                                    ^^^^^^
    |
    = help: for further information visit https://rust-lang.github.io/rust-clippy/rust-1.91.0/index.html#erasing_op

error: this operation will always return zero. This is likely not the intended outcome
   --> src\integrator_ias15.rs:451:15
    |
451 | ...   g[0 * N3 + k] = b[6 * N3 + k] * d[15] + b[5 * N3 + k] * d[10] + b[4 * N3 + k] * d[6] + b[3 * N3 + k] * d[3] + b[2 * N3 + k] * d[1] ...
    |         ^^^^^^
    |
    = help: for further information visit https://rust-lang.github.io/rust-clippy/rust-1.91.0/index.html#erasing_op

error: this operation has no effect
   --> src\integrator_ias15.rs:452:148
    |
452 | ...3 * N3 + k] * d[4] + b[2 * N3 + k] * d[2] + b[1 * N3 + k];
    |                                                  ^^^^^^ help: consider reducing it to: `N3`
    |
    = help: for further information visit https://rust-lang.github.io/rust-clippy/rust-1.91.0/index.html#identity_op

error: this operation has no effect
   --> src\integrator_ias15.rs:452:15
    |
452 | ...   g[1 * N3 + k] = b[6 * N3 + k] * d[16] + b[5 * N3 + k] * d[11] + b[4 * N3 + k] * d[7] + b[3 * N3 + k] * d[4] + b[2 * N3 + k] * d[2] ...
    |         ^^^^^^ help: consider reducing it to: `N3`
    |
    = help: for further information visit https://rust-lang.github.io/rust-clippy/rust-1.91.0/index.html#identity_op

error: this operation has no effect
   --> src\integrator_ias15.rs:509:29
    |
509 |                         + b[1 * N3 + k0]) * h[n] / 2.
    |                             ^^^^^^ help: consider reducing it to: `N3`
    |
    = help: for further information visit https://rust-lang.github.io/rust-clippy/rust-1.91.0/index.html#identity_op

error: this operation will always return zero. This is likely not the intended outcome
   --> src\integrator_ias15.rs:510:29
    |
510 |                         + b[0 * N3 + k0]) * h[n] / 3.
    |                             ^^^^^^
    |
    = help: for further information visit https://rust-lang.github.io/rust-clippy/rust-1.91.0/index.html#erasing_op

error: this operation has no effect
   --> src\integrator_ias15.rs:518:29
    |
518 |                         + b[1 * N3 + k1]) * h[n] / 2.
    |                             ^^^^^^ help: consider reducing it to: `N3`
    |
    = help: for further information visit https://rust-lang.github.io/rust-clippy/rust-1.91.0/index.html#identity_op

error: this operation will always return zero. This is likely not the intended outcome
   --> src\integrator_ias15.rs:519:29
    |
519 |                         + b[0 * N3 + k1]) * h[n] / 3.
    |                             ^^^^^^
    |
    = help: for further information visit https://rust-lang.github.io/rust-clippy/rust-1.91.0/index.html#erasing_op

error: this operation has no effect
   --> src\integrator_ias15.rs:527:29
    |
527 |                         + b[1 * N3 + k2]) * h[n] / 2.
    |                             ^^^^^^ help: consider reducing it to: `N3`
    |
    = help: for further information visit https://rust-lang.github.io/rust-clippy/rust-1.91.0/index.html#identity_op

error: this operation will always return zero. This is likely not the intended outcome
   --> src\integrator_ias15.rs:528:29
    |
528 |                         + b[0 * N3 + k2]) * h[n] / 3.
    |                             ^^^^^^
    |
    = help: for further information visit https://rust-lang.github.io/rust-clippy/rust-1.91.0/index.html#erasing_op

error: this operation has no effect
   --> src\integrator_ias15.rs:557:33
    |
557 | ...                   + b[1 * N3 + k0]) * 2. * h[n] / 3.
    |                           ^^^^^^ help: consider reducing it to: `N3`
    |
    = help: for further information visit https://rust-lang.github.io/rust-clippy/rust-1.91.0/index.html#identity_op

error: this operation will always return zero. This is likely not the intended outcome
   --> src\integrator_ias15.rs:558:33
    |
558 | ...                   + b[0 * N3 + k0]) * h[n] / 2.
    |                           ^^^^^^
    |
    = help: for further information visit https://rust-lang.github.io/rust-clippy/rust-1.91.0/index.html#erasing_op

error: this operation has no effect
   --> src\integrator_ias15.rs:565:33
    |
565 | ...                   + b[1 * N3 + k1]) * 2. * h[n] / 3.
    |                           ^^^^^^ help: consider reducing it to: `N3`
    |
    = help: for further information visit https://rust-lang.github.io/rust-clippy/rust-1.91.0/index.html#identity_op

error: this operation will always return zero. This is likely not the intended outcome
   --> src\integrator_ias15.rs:566:33
    |
566 | ...                   + b[0 * N3 + k1]) * h[n] / 2.
    |                           ^^^^^^
    |
    = help: for further information visit https://rust-lang.github.io/rust-clippy/rust-1.91.0/index.html#erasing_op

error: this operation has no effect
   --> src\integrator_ias15.rs:573:33
    |
573 | ...                   + b[1 * N3 + k2]) * 2. * h[n] / 3.
    |                           ^^^^^^ help: consider reducing it to: `N3`
    |
    = help: for further information visit https://rust-lang.github.io/rust-clippy/rust-1.91.0/index.html#identity_op

error: this operation will always return zero. This is likely not the intended outcome
   --> src\integrator_ias15.rs:574:33
    |
574 | ...                   + b[0 * N3 + k2]) * h[n] / 2.
    |                           ^^^^^^
    |
    = help: for further information visit https://rust-lang.github.io/rust-clippy/rust-1.91.0/index.html#erasing_op

error: this operation will always return zero. This is likely not the intended outcome
   --> src\integrator_ias15.rs:611:43
    |
611 |                         let tmp = ias15.g[0 * N3 + k];
    |                                           ^^^^^^
    |
    = help: for further information visit https://rust-lang.github.io/rust-clippy/rust-1.91.0/index.html#erasing_op

error: this operation will always return zero. This is likely not the intended outcome
   --> src\integrator_ias15.rs:616:33
    |
616 |                         ias15.g[0 * N3 + k] = gk / rr[0];
    |                                 ^^^^^^
    |
    = help: for further information visit https://rust-lang.github.io/rust-clippy/rust-1.91.0/index.html#erasing_op

error: this operation will always return zero. This is likely not the intended outcome
   --> src\integrator_ias15.rs:617:45
    |
617 |                         let delta = ias15.g[0 * N3 + k] - tmp;
    |                                             ^^^^^^
    |
    = help: for further information visit https://rust-lang.github.io/rust-clippy/rust-1.91.0/index.html#erasing_op

error: this operation will always return zero. This is likely not the intended outcome
   --> src\integrator_ias15.rs:619:39
    |
619 |                         add_cs(&mut b[0 * N3 + k], &mut csb[0 * N3 + k], delta);
    |                                       ^^^^^^
    |
    = help: for further information visit https://rust-lang.github.io/rust-clippy/rust-1.91.0/index.html#erasing_op

error: this operation will always return zero. This is likely not the intended outcome
   --> src\integrator_ias15.rs:619:61
    |
619 |                         add_cs(&mut b[0 * N3 + k], &mut csb[0 * N3 + k], delta);
    |                                                             ^^^^^^
    |
    = help: for further information visit https://rust-lang.github.io/rust-clippy/rust-1.91.0/index.html#erasing_op

error: this operation has no effect
   --> src\integrator_ias15.rs:624:47
    |
624 |                         let mut tmp = ias15.g[1 * N3 + k];
    |                                               ^^^^^^ help: consider reducing it to: `N3`
    |
    = help: for further information visit https://rust-lang.github.io/rust-clippy/rust-1.91.0/index.html#identity_op

error: this operation will always return zero. This is likely not the intended outcome
   --> src\integrator_ias15.rs:629:69
    |
629 |                         ias15.g[1 * N3 + k] = (gk / rr[1] - ias15.g[0 * N3 + k]) / rr[2];
    |                                                                     ^^^^^^
    |
    = help: for further information visit https://rust-lang.github.io/rust-clippy/rust-1.91.0/index.html#erasing_op

error: this operation has no effect
   --> src\integrator_ias15.rs:629:33
    |
629 |                         ias15.g[1 * N3 + k] = (gk / rr[1] - ias15.g[0 * N3 + k]) / rr[2];
    |                                 ^^^^^^ help: consider reducing it to: `N3`
    |
    = help: for further information visit https://rust-lang.github.io/rust-clippy/rust-1.91.0/index.html#identity_op

error: this operation has no effect
   --> src\integrator_ias15.rs:630:39
    |
630 |                         tmp = ias15.g[1 * N3 + k] - tmp;
    |                                       ^^^^^^ help: consider reducing it to: `N3`
    |
    = help: for further information visit https://rust-lang.github.io/rust-clippy/rust-1.91.0/index.html#identity_op

error: this operation will always return zero. This is likely not the intended outcome
   --> src\integrator_ias15.rs:632:39
    |
632 |                         add_cs(&mut b[0 * N3 + k], &mut csb[0 * N3 + k], tmp * c[0]);
    |                                       ^^^^^^
    |
    = help: for further information visit https://rust-lang.github.io/rust-clippy/rust-1.91.0/index.html#erasing_op

error: this operation will always return zero. This is likely not the intended outcome
   --> src\integrator_ias15.rs:632:61
    |
632 |                         add_cs(&mut b[0 * N3 + k], &mut csb[0 * N3 + k], tmp * c[0]);
    |                                                             ^^^^^^
    |
    = help: for further information visit https://rust-lang.github.io/rust-clippy/rust-1.91.0/index.html#erasing_op

error: this operation has no effect
   --> src\integrator_ias15.rs:633:39
    |
633 |                         add_cs(&mut b[1 * N3 + k], &mut csb[1 * N3 + k], tmp);
    |                                       ^^^^^^ help: consider reducing it to: `N3`
    |
    = help: for further information visit https://rust-lang.github.io/rust-clippy/rust-1.91.0/index.html#identity_op

error: this operation has no effect
   --> src\integrator_ias15.rs:633:61
    |
633 |                         add_cs(&mut b[1 * N3 + k], &mut csb[1 * N3 + k], tmp);
    |                                                             ^^^^^^ help: consider reducing it to: `N3`
    |
    = help: for further information visit https://rust-lang.github.io/rust-clippy/rust-1.91.0/index.html#identity_op

error: this operation will always return zero. This is likely not the intended outcome
   --> src\integrator_ias15.rs:644:52
    |
644 | ...                   ((gk / rr[3] - ias15.g[0 * N3 + k]) / rr[4] - ias15.g[1 * N3 + k]) / rr[5];
    |                                              ^^^^^^
    |
    = help: for further information visit https://rust-lang.github.io/rust-clippy/rust-1.91.0/index.html#erasing_op

error: this operation has no effect
   --> src\integrator_ias15.rs:644:83
    |
644 | ...                   ((gk / rr[3] - ias15.g[0 * N3 + k]) / rr[4] - ias15.g[1 * N3 + k]) / rr[5];
    |                                                                             ^^^^^^ help: consider reducing it to: `N3`
    |
    = help: for further information visit https://rust-lang.github.io/rust-clippy/rust-1.91.0/index.html#identity_op

error: this operation will always return zero. This is likely not the intended outcome
   --> src\integrator_ias15.rs:647:39
    |
647 |                         add_cs(&mut b[0 * N3 + k], &mut csb[0 * N3 + k], tmp * c[1]);
    |                                       ^^^^^^
    |
    = help: for further information visit https://rust-lang.github.io/rust-clippy/rust-1.91.0/index.html#erasing_op

error: this operation will always return zero. This is likely not the intended outcome
   --> src\integrator_ias15.rs:647:61
    |
647 |                         add_cs(&mut b[0 * N3 + k], &mut csb[0 * N3 + k], tmp * c[1]);
    |                                                             ^^^^^^
    |
    = help: for further information visit https://rust-lang.github.io/rust-clippy/rust-1.91.0/index.html#erasing_op

error: this operation has no effect
   --> src\integrator_ias15.rs:648:39
    |
648 |                         add_cs(&mut b[1 * N3 + k], &mut csb[1 * N3 + k], tmp * c[2]);
    |                                       ^^^^^^ help: consider reducing it to: `N3`
    |
    = help: for further information visit https://rust-lang.github.io/rust-clippy/rust-1.91.0/index.html#identity_op

error: this operation has no effect
   --> src\integrator_ias15.rs:648:61
    |
648 |                         add_cs(&mut b[1 * N3 + k], &mut csb[1 * N3 + k], tmp * c[2]);
    |                                                             ^^^^^^ help: consider reducing it to: `N3`
    |
    = help: for further information visit https://rust-lang.github.io/rust-clippy/rust-1.91.0/index.html#identity_op

error: this operation will always return zero. This is likely not the intended outcome
   --> src\integrator_ias15.rs:659:71
    |
659 |                         ias15.g[3 * N3 + k] = (((gk / rr[6] - ias15.g[0 * N3 + k]) / rr[7]
    |                                                                       ^^^^^^
    |
    = help: for further information visit https://rust-lang.github.io/rust-clippy/rust-1.91.0/index.html#erasing_op

error: this operation has no effect
   --> src\integrator_ias15.rs:660:39
    |
660 | ...                   - ias15.g[1 * N3 + k]) / rr[8]
    |                                 ^^^^^^ help: consider reducing it to: `N3`
    |
    = help: for further information visit https://rust-lang.github.io/rust-clippy/rust-1.91.0/index.html#identity_op

error: this operation will always return zero. This is likely not the intended outcome
   --> src\integrator_ias15.rs:664:39
    |
664 |                         add_cs(&mut b[0 * N3 + k], &mut csb[0 * N3 + k], tmp * c[3]);
    |                                       ^^^^^^
    |
    = help: for further information visit https://rust-lang.github.io/rust-clippy/rust-1.91.0/index.html#erasing_op

error: this operation will always return zero. This is likely not the intended outcome
   --> src\integrator_ias15.rs:664:61
    |
664 |                         add_cs(&mut b[0 * N3 + k], &mut csb[0 * N3 + k], tmp * c[3]);
    |                                                             ^^^^^^
    |
    = help: for further information visit https://rust-lang.github.io/rust-clippy/rust-1.91.0/index.html#erasing_op

error: this operation has no effect
   --> src\integrator_ias15.rs:665:39
    |
665 |                         add_cs(&mut b[1 * N3 + k], &mut csb[1 * N3 + k], tmp * c[4]);
    |                                       ^^^^^^ help: consider reducing it to: `N3`
    |
    = help: for further information visit https://rust-lang.github.io/rust-clippy/rust-1.91.0/index.html#identity_op

error: this operation has no effect
   --> src\integrator_ias15.rs:665:61
    |
665 |                         add_cs(&mut b[1 * N3 + k], &mut csb[1 * N3 + k], tmp * c[4]);
    |                                                             ^^^^^^ help: consider reducing it to: `N3`
    |
    = help: for further information visit https://rust-lang.github.io/rust-clippy/rust-1.91.0/index.html#identity_op

error: this operation will always return zero. This is likely not the intended outcome
   --> src\integrator_ias15.rs:677:73
    |
677 |                         ias15.g[4 * N3 + k] = ((((gk / rr[10] - ias15.g[0 * N3 + k]) / rr[11]
    |                                                                         ^^^^^^
    |
    = help: for further information visit https://rust-lang.github.io/rust-clippy/rust-1.91.0/index.html#erasing_op

error: this operation has no effect
   --> src\integrator_ias15.rs:678:39
    |
678 | ...                   - ias15.g[1 * N3 + k]) / rr[12]
    |                                 ^^^^^^ help: consider reducing it to: `N3`
    |
    = help: for further information visit https://rust-lang.github.io/rust-clippy/rust-1.91.0/index.html#identity_op

error: this operation will always return zero. This is likely not the intended outcome
   --> src\integrator_ias15.rs:683:39
    |
683 |                         add_cs(&mut b[0 * N3 + k], &mut csb[0 * N3 + k], tmp * c[6]);
    |                                       ^^^^^^
    |
    = help: for further information visit https://rust-lang.github.io/rust-clippy/rust-1.91.0/index.html#erasing_op

error: this operation will always return zero. This is likely not the intended outcome
   --> src\integrator_ias15.rs:683:61
    |
683 |                         add_cs(&mut b[0 * N3 + k], &mut csb[0 * N3 + k], tmp * c[6]);
    |                                                             ^^^^^^
    |
    = help: for further information visit https://rust-lang.github.io/rust-clippy/rust-1.91.0/index.html#erasing_op

error: this operation has no effect
   --> src\integrator_ias15.rs:684:39
    |
684 |                         add_cs(&mut b[1 * N3 + k], &mut csb[1 * N3 + k], tmp * c[7]);
    |                                       ^^^^^^ help: consider reducing it to: `N3`
    |
    = help: for further information visit https://rust-lang.github.io/rust-clippy/rust-1.91.0/index.html#identity_op

error: this operation has no effect
   --> src\integrator_ias15.rs:684:61
    |
684 |                         add_cs(&mut b[1 * N3 + k], &mut csb[1 * N3 + k], tmp * c[7]);
    |                                                             ^^^^^^ help: consider reducing it to: `N3`
    |
    = help: for further information visit https://rust-lang.github.io/rust-clippy/rust-1.91.0/index.html#identity_op

error: this operation will always return zero. This is likely not the intended outcome
   --> src\integrator_ias15.rs:697:74
    |
697 |                         ias15.g[5 * N3 + k] = (((((gk / rr[15] - ias15.g[0 * N3 + k]) / rr[16]
    |                                                                          ^^^^^^
    |
    = help: for further information visit https://rust-lang.github.io/rust-clippy/rust-1.91.0/index.html#erasing_op

error: this operation has no effect
   --> src\integrator_ias15.rs:698:39
    |
698 | ...                   - ias15.g[1 * N3 + k]) / rr[17]
    |                                 ^^^^^^ help: consider reducing it to: `N3`
    |
    = help: for further information visit https://rust-lang.github.io/rust-clippy/rust-1.91.0/index.html#identity_op

error: this operation will always return zero. This is likely not the intended outcome
   --> src\integrator_ias15.rs:704:39
    |
704 |                         add_cs(&mut b[0 * N3 + k], &mut csb[0 * N3 + k], tmp * c[10]);
    |                                       ^^^^^^
    |
    = help: for further information visit https://rust-lang.github.io/rust-clippy/rust-1.91.0/index.html#erasing_op

error: this operation will always return zero. This is likely not the intended outcome
   --> src\integrator_ias15.rs:704:61
    |
704 |                         add_cs(&mut b[0 * N3 + k], &mut csb[0 * N3 + k], tmp * c[10]);
    |                                                             ^^^^^^
    |
    = help: for further information visit https://rust-lang.github.io/rust-clippy/rust-1.91.0/index.html#erasing_op

error: this operation has no effect
   --> src\integrator_ias15.rs:705:39
    |
705 |                         add_cs(&mut b[1 * N3 + k], &mut csb[1 * N3 + k], tmp * c[11]);
    |                                       ^^^^^^ help: consider reducing it to: `N3`
    |
    = help: for further information visit https://rust-lang.github.io/rust-clippy/rust-1.91.0/index.html#identity_op

error: this operation has no effect
   --> src\integrator_ias15.rs:705:61
    |
705 |                         add_cs(&mut b[1 * N3 + k], &mut csb[1 * N3 + k], tmp * c[11]);
    |                                                             ^^^^^^ help: consider reducing it to: `N3`
    |
    = help: for further information visit https://rust-lang.github.io/rust-clippy/rust-1.91.0/index.html#identity_op

error: this operation will always return zero. This is likely not the intended outcome
   --> src\integrator_ias15.rs:721:75
    |
721 |                         ias15.g[6 * N3 + k] = ((((((gk / rr[21] - ias15.g[0 * N3 + k]) / rr[22]
    |                                                                           ^^^^^^
    |
    = help: for further information visit https://rust-lang.github.io/rust-clippy/rust-1.91.0/index.html#erasing_op

error: this operation has no effect
   --> src\integrator_ias15.rs:722:39
    |
722 | ...                   - ias15.g[1 * N3 + k]) / rr[23]
    |                                 ^^^^^^ help: consider reducing it to: `N3`
    |
    = help: for further information visit https://rust-lang.github.io/rust-clippy/rust-1.91.0/index.html#identity_op

error: this operation will always return zero. This is likely not the intended outcome
   --> src\integrator_ias15.rs:729:39
    |
729 |                         add_cs(&mut b[0 * N3 + k], &mut csb[0 * N3 + k], tmp * c[15]);
    |                                       ^^^^^^
    |
    = help: for further information visit https://rust-lang.github.io/rust-clippy/rust-1.91.0/index.html#erasing_op

error: this operation will always return zero. This is likely not the intended outcome
   --> src\integrator_ias15.rs:729:61
    |
729 |                         add_cs(&mut b[0 * N3 + k], &mut csb[0 * N3 + k], tmp * c[15]);
    |                                                             ^^^^^^
    |
    = help: for further information visit https://rust-lang.github.io/rust-clippy/rust-1.91.0/index.html#erasing_op

error: this operation has no effect
   --> src\integrator_ias15.rs:730:39
    |
730 |                         add_cs(&mut b[1 * N3 + k], &mut csb[1 * N3 + k], tmp * c[16]);
    |                                       ^^^^^^ help: consider reducing it to: `N3`
    |
    = help: for further information visit https://rust-lang.github.io/rust-clippy/rust-1.91.0/index.html#identity_op

error: this operation has no effect
   --> src\integrator_ias15.rs:730:61
    |
730 |                         add_cs(&mut b[1 * N3 + k], &mut csb[1 * N3 + k], tmp * c[16]);
    |                                                             ^^^^^^ help: consider reducing it to: `N3`
    |
    = help: for further information visit https://rust-lang.github.io/rust-clippy/rust-1.91.0/index.html#identity_op

error: this operation will always return zero. This is likely not the intended outcome
   --> src\integrator_ias15.rs:832:29
    |
832 |                         + b[0 * N3 + k] + b[1 * N3 + k] + b[2 * N3 + k] + b[3 * N3 + k]
    |                             ^^^^^^
    |
    = help: for further information visit https://rust-lang.github.io/rust-clippy/rust-1.91.0/index.html#erasing_op

error: this operation has no effect
   --> src\integrator_ias15.rs:832:45
    |
832 |                         + b[0 * N3 + k] + b[1 * N3 + k] + b[2 * N3 + k] + b[3 * N3 + k]
    |                                             ^^^^^^ help: consider reducing it to: `N3`
    |
    = help: for further information visit https://rust-lang.github.io/rust-clippy/rust-1.91.0/index.html#identity_op

error: this operation will always return zero. This is likely not the intended outcome
   --> src\integrator_ias15.rs:835:29
    |
835 |                     tmp = b[0 * N3 + k] + 2. * b[1 * N3 + k] + 3. * b[2 * N3 + k]
    |                             ^^^^^^
    |
    = help: for further information visit https://rust-lang.github.io/rust-clippy/rust-1.91.0/index.html#erasing_op

error: this operation has no effect
   --> src\integrator_ias15.rs:835:50
    |
835 |                     tmp = b[0 * N3 + k] + 2. * b[1 * N3 + k] + 3. * b[2 * N3 + k]
    |                                                  ^^^^^^ help: consider reducing it to: `N3`
    |
    = help: for further information visit https://rust-lang.github.io/rust-clippy/rust-1.91.0/index.html#identity_op

error: this operation has no effect
   --> src\integrator_ias15.rs:839:34
    |
839 |                     tmp = 2. * b[1 * N3 + k] + 6. * b[2 * N3 + k] + 12. * b[3 * N3 + k]
    |                                  ^^^^^^ help: consider reducing it to: `N3`
    |
    = help: for further information visit https://rust-lang.github.io/rust-clippy/rust-1.91.0/index.html#identity_op

error: this operation has no effect
   --> src\integrator_ias15.rs:928:55
    |
928 |         add_cs(&mut ias15.x0[k], &mut ias15.csx[k], b[1 * N3 + k] / 12. * dt_done * dt_done);
    |                                                       ^^^^^^ help: consider reducing it to: `N3`
    |
    = help: for further information visit https://rust-lang.github.io/rust-clippy/rust-1.91.0/index.html#identity_op

error: this operation will always return zero. This is likely not the intended outcome
   --> src\integrator_ias15.rs:929:55
    |
929 |         add_cs(&mut ias15.x0[k], &mut ias15.csx[k], b[0 * N3 + k] / 6. * dt_done * dt_done);
    |                                                       ^^^^^^
    |
    = help: for further information visit https://rust-lang.github.io/rust-clippy/rust-1.91.0/index.html#erasing_op

error: this operation has no effect
   --> src\integrator_ias15.rs:937:55
    |
937 |         add_cs(&mut ias15.v0[k], &mut ias15.csv[k], b[1 * N3 + k] / 3. * dt_done);
    |                                                       ^^^^^^ help: consider reducing it to: `N3`
    |
    = help: for further information visit https://rust-lang.github.io/rust-clippy/rust-1.91.0/index.html#identity_op

error: this operation will always return zero. This is likely not the intended outcome
   --> src\integrator_ias15.rs:938:55
    |
938 |         add_cs(&mut ias15.v0[k], &mut ias15.csv[k], b[0 * N3 + k] / 2. * dt_done);
    |                                                       ^^^^^^
    |
    = help: for further information visit https://rust-lang.github.io/rust-clippy/rust-1.91.0/index.html#erasing_op

error: float has excessive precision
  --> src\integrator_whfast.rs:78:41
   |
78 | const reb_whfast_corrector_b_31: f64 = -0.024900596027799867499350357910273437184309981229127;
   |                                         ^^^^^^^^^^^^^^^^^^^^^^^^^^^^^^^^^^^^^^^^^^^^^^^^^^^^^
   |
   = help: for further information visit https://rust-lang.github.io/rust-clippy/rust-1.91.0/index.html#excessive_precision
help: consider changing the type or truncating it to
   |
78 - const reb_whfast_corrector_b_31: f64 = -0.024900596027799867499350357910273437184309981229127;
78 + const reb_whfast_corrector_b_31: f64 = -0.024_900_596_027_799_867;
   |

error: float has excessive precision
  --> src\integrator_whfast.rs:79:41
   |
79 | const reb_whfast_corrector_b_51: f64 = -0.0083001986759332891664501193034244790614366604097090;
   |                                         ^^^^^^^^^^^^^^^^^^^^^^^^^^^^^^^^^^^^^^^^^^^^^^^^^^^^^^
   |
   = help: for further information visit https://rust-lang.github.io/rust-clippy/rust-1.91.0/index.html#excessive_precision
help: consider changing the type or truncating it to
   |
79 - const reb_whfast_corrector_b_51: f64 = -0.0083001986759332891664501193034244790614366604097090;
79 + const reb_whfast_corrector_b_51: f64 = -0.008_300_198_675_933_288;
   |

error: float has excessive precision
  --> src\integrator_whfast.rs:82:41
   |
82 | const reb_whfast_corrector_b_72: f64 = -0.018270923246702131478062356884535264841652263842597;
   |                                         ^^^^^^^^^^^^^^^^^^^^^^^^^^^^^^^^^^^^^^^^^^^^^^^^^^^^^
   |
   = help: for further information visit https://rust-lang.github.io/rust-clippy/rust-1.91.0/index.html#excessive_precision
help: consider changing the type or truncating it to
   |
82 - const reb_whfast_corrector_b_72: f64 = -0.018270923246702131478062356884535264841652263842597;
82 + const reb_whfast_corrector_b_72: f64 = -0.018_270_923_246_702_132;
   |

error: float has excessive precision
  --> src\integrator_whfast.rs:85:42
   |
85 | const reb_whfast_corrector_b_112: f64 = -0.0023487215292295354188307328851055489876255097419754;
   |                                          ^^^^^^^^^^^^^^^^^^^^^^^^^^^^^^^^^^^^^^^^^^^^^^^^^^^^^^
   |
   = help: for further information visit https://rust-lang.github.io/rust-clippy/rust-1.91.0/index.html#excessive_precision
help: consider changing the type or truncating it to
   |
85 - const reb_whfast_corrector_b_112: f64 = -0.0023487215292295354188307328851055489876255097419754;
85 + const reb_whfast_corrector_b_112: f64 = -0.002_348_721_529_229_535_4;
   |

error: float has excessive precision
  --> src\integrator_whfast.rs:87:42
   |
87 | const reb_whfast_corrector_b_114: f64 = -0.038121613681288650508647613260247372125243616270670;
   |                                          ^^^^^^^^^^^^^^^^^^^^^^^^^^^^^^^^^^^^^^^^^^^^^^^^^^^^^
   |
   = help: for further information visit https://rust-lang.github.io/rust-clippy/rust-1.91.0/index.html#excessive_precision
help: consider changing the type or truncating it to
   |
87 - const reb_whfast_corrector_b_114: f64 = -0.038121613681288650508647613260247372125243616270670;
87 + const reb_whfast_corrector_b_114: f64 = -0.038_121_613_681_288_65;
   |

error: float has excessive precision
  --> src\integrator_whfast.rs:90:42
   |
90 | const reb_whfast_corrector_b_177: f64 = -0.065192863576377893658290760803725762027864651086787;
   |                                          ^^^^^^^^^^^^^^^^^^^^^^^^^^^^^^^^^^^^^^^^^^^^^^^^^^^^^
   |
   = help: for further information visit https://rust-lang.github.io/rust-clippy/rust-1.91.0/index.html#excessive_precision
help: consider changing the type or truncating it to
   |
90 - const reb_whfast_corrector_b_177: f64 = -0.065192863576377893658290760803725762027864651086787;
90 + const reb_whfast_corrector_b_177: f64 = -0.065_192_863_576_377_9;
   |

error: float has excessive precision
  --> src\integrator_whfast.rs:92:42
   |
92 | const reb_whfast_corrector_b_175: f64 = -0.012071760822342291062449751726959664253913904872527;
   |                                          ^^^^^^^^^^^^^^^^^^^^^^^^^^^^^^^^^^^^^^^^^^^^^^^^^^^^^
   |
   = help: for further information visit https://rust-lang.github.io/rust-clippy/rust-1.91.0/index.html#excessive_precision
help: consider changing the type or truncating it to
   |
92 - const reb_whfast_corrector_b_175: f64 = -0.012071760822342291062449751726959664253913904872527;
92 + const reb_whfast_corrector_b_175: f64 = -0.012_071_760_822_342_29;
   |

error: float has excessive precision
  --> src\integrator_whfast.rs:94:42
   |
94 | const reb_whfast_corrector_b_173: f64 = -0.00063599983075817658983166881625078545864140848560259;
   |                                          ^^^^^^^^^^^^^^^^^^^^^^^^^^^^^^^^^^^^^^^^^^^^^^^^^^^^^^^
   |
   = help: for further information visit https://rust-lang.github.io/rust-clippy/rust-1.91.0/index.html#excessive_precision
help: consider changing the type or truncating it to
   |
94 - const reb_whfast_corrector_b_173: f64 = -0.00063599983075817658983166881625078545864140848560259;
94 + const reb_whfast_corrector_b_173: f64 = -0.000_635_999_830_758_176_6;
   |

error: float has excessive precision
  --> src\integrator_whfast.rs:96:42
   |
96 | const reb_whfast_corrector_b_171: f64 = -0.0000043347415473373580190650223498124944896789841432241;
   |                                          ^^^^^^^^^^^^^^^^^^^^^^^^^^^^^^^^^^^^^^^^^^^^^^^^^^^^^^^^^
   |
   = help: for further information visit https://rust-lang.github.io/rust-clippy/rust-1.91.0/index.html#excessive_precision
help: consider changing the type or truncating it to
   |
96 - const reb_whfast_corrector_b_171: f64 = -0.0000043347415473373580190650223498124944896789841432241;
96 + const reb_whfast_corrector_b_171: f64 = -0.000_004_334_741_547_337_358;
   |

error: manual implementation of an assign operation
   --> src\integrator_whfast.rs:151:9
    |
151 |         z = z / 4.;
    |         ^^^^^^^^^^ help: replace it with: `z /= 4.`
    |
    = help: for further information visit https://rust-lang.github.io/rust-clippy/rust-1.91.0/index.html#assign_op_pattern

error: manual implementation of an assign operation
   --> src\integrator_whfast.rs:169:9
    |
169 |         z = z * 4.;
    |         ^^^^^^^^^^ help: replace it with: `z *= 4.`
    |
    = help: for further information visit https://rust-lang.github.io/rust-clippy/rust-1.91.0/index.html#assign_op_pattern

error: manual implementation of an assign operation
   --> src\integrator_whfast.rs:184:9
    |
184 |         z = z / 4.;
    |         ^^^^^^^^^^ help: replace it with: `z /= 4.`
    |
    = help: for further information visit https://rust-lang.github.io/rust-clippy/rust-1.91.0/index.html#assign_op_pattern

error: manual implementation of an assign operation
   --> src\integrator_whfast.rs:203:9
    |
203 |         cs[1] = cs[0] * cs[1];
    |         ^^^^^^^^^^^^^^^^^^^^^ help: replace it with: `cs[1] *= cs[0]`
    |
    = help: for further information visit https://rust-lang.github.io/rust-clippy/rust-1.91.0/index.html#assign_op_pattern

error: the loop variable `i` is only used to index `prevX`
   --> src\integrator_whfast.rs:321:22
    |
321 |             for i in 1..n_lag {
    |                      ^^^^^^^^
    |
    = help: for further information visit https://rust-lang.github.io/rust-clippy/rust-1.91.0/index.html#needless_range_loop
help: consider using an iterator
    |
321 -             for i in 1..n_lag {
321 +             for <item> in prevX.iter().take(n_lag).skip(1) {
    |

error: this multiplication by -1 can be written more succinctly
   --> src\integrator_whfast.rs:443:18
    |
443 |         let dX = -1. * ri * (X * dr0 + Gs[2] * deta0 + Gs[3] * dzeta0 + tbeta * dbeta);
    |                  ^^^^^^^^ help: consider using: `-ri`
    |
    = help: for further information visit https://rust-lang.github.io/rust-clippy/rust-1.91.0/index.html#neg_multiply
    = note: `#[deny(clippy::neg_multiply)]` implied by `#[deny(warnings)]`

error: the loop variable `i` is used to index `p_jh`
   --> src\integrator_whfast.rs:534:22
    |
534 |             for i in 1..N {
    |                      ^^^^
    |
    = help: for further information visit https://rust-lang.github.io/rust-clippy/rust-1.91.0/index.html#needless_range_loop
help: consider using an iterator and enumerate()
    |
534 -             for i in 1..N {
534 +             for (i, <item>) in p_jh.iter_mut().enumerate().take(N).skip(1) {
    |

error: the loop variable `i` is used to index `p_jh`
   --> src\integrator_whfast.rs:541:22
    |
541 |             for i in 1..N_active {
    |                      ^^^^^^^^^^^
    |
    = help: for further information visit https://rust-lang.github.io/rust-clippy/rust-1.91.0/index.html#needless_range_loop
help: consider using an iterator and enumerate()
    |
541 -             for i in 1..N_active {
541 +             for (i, <item>) in p_jh.iter_mut().enumerate().take(N_active).skip(1) {
    |

error: the loop variable `i` is used to index `p_jh`
   --> src\integrator_whfast.rs:547:22
    |
547 |             for i in N_active..N {
    |                      ^^^^^^^^^^^
    |
    = help: for further information visit https://rust-lang.github.io/rust-clippy/rust-1.91.0/index.html#needless_range_loop
help: consider using an iterator and enumerate()
    |
547 -             for i in N_active..N {
547 +             for (i, <item>) in p_jh.iter_mut().enumerate().take(N).skip(N_active) {
    |

error: the loop variable `i` is used to index `p_jh`
   --> src\integrator_whfast.rs:585:22
    |
585 |             for i in 1..N_active {
    |                      ^^^^^^^^^^^
    |
    = help: for further information visit https://rust-lang.github.io/rust-clippy/rust-1.91.0/index.html#needless_range_loop
help: consider using an iterator and enumerate()
    |
585 -             for i in 1..N_active {
585 +             for (i, <item>) in p_jh.iter().enumerate().take(N_active).skip(1) {
    |

error: the loop variable `i` is only used to index `p_jh`
   --> src\integrator_whfast.rs:591:22
    |
591 |             for i in 1..N {
    |                      ^^^^
    |
    = help: for further information visit https://rust-lang.github.io/rust-clippy/rust-1.91.0/index.html#needless_range_loop
help: consider using an iterator
    |
591 -             for i in 1..N {
591 +             for <item> in p_jh.iter_mut().take(N).skip(1) {
    |

error: the loop variable `i` is used to index `p_jh`
   --> src\integrator_whfast.rs:601:22
    |
601 |             for i in 1..N_active {
    |                      ^^^^^^^^^^^
    |
    = help: for further information visit https://rust-lang.github.io/rust-clippy/rust-1.91.0/index.html#needless_range_loop
help: consider using an iterator and enumerate()
    |
601 -             for i in 1..N_active {
601 +             for (i, <item>) in p_jh.iter().enumerate().take(N_active).skip(1) {
    |

error: the loop variable `i` is used to index `p_jh`
   --> src\integrator_whfast.rs:607:22
    |
607 |             for i in 1..N_active {
    |                      ^^^^^^^^^^^
    |
    = help: for further information visit https://rust-lang.github.io/rust-clippy/rust-1.91.0/index.html#needless_range_loop
help: consider using an iterator and enumerate()
    |
607 -             for i in 1..N_active {
607 +             for (i, <item>) in p_jh.iter_mut().enumerate().take(N_active).skip(1) {
    |

error: the loop variable `i` is only used to index `p_jh`
   --> src\integrator_whfast.rs:614:22
    |
614 |             for i in N_active..N {
    |                      ^^^^^^^^^^^
    |
    = help: for further information visit https://rust-lang.github.io/rust-clippy/rust-1.91.0/index.html#needless_range_loop
help: consider using an iterator
    |
614 -             for i in N_active..N {
614 +             for <item> in p_jh.iter_mut().take(N).skip(N_active) {
    |

error: float has excessive precision
  --> src\integrator_saba.rs:77:6
   |
77 |     [0.2113248654051871177454256097490212721762, 0.5773502691896257645091487805019574556476, 0., 0., 0.], // SABA2
   |      ^^^^^^^^^^^^^^^^^^^^^^^^^^^^^^^^^^^^^^^^^^
   |
   = help: for further information visit https://rust-lang.github.io/rust-clippy/rust-1.91.0/index.html#excessive_precision
help: consider changing the type or truncating it to
   |
77 -     [0.2113248654051871177454256097490212721762, 0.5773502691896257645091487805019574556476, 0., 0., 0.], // SABA2
77 +     [0.211_324_865_405_187_1, 0.5773502691896257645091487805019574556476, 0., 0., 0.], // SABA2
   |

error: float has excessive precision
  --> src\integrator_saba.rs:77:50
   |
77 |     [0.2113248654051871177454256097490212721762, 0.5773502691896257645091487805019574556476, 0., 0., 0.], // SABA2
   |                                                  ^^^^^^^^^^^^^^^^^^^^^^^^^^^^^^^^^^^^^^^^^^
   |
   = help: for further information visit https://rust-lang.github.io/rust-clippy/rust-1.91.0/index.html#excessive_precision
help: consider changing the type or truncating it to
   |
77 -     [0.2113248654051871177454256097490212721762, 0.5773502691896257645091487805019574556476, 0., 0., 0.], // SABA2
77 +     [0.2113248654051871177454256097490212721762, 0.577_350_269_189_625_7, 0., 0., 0.], // SABA2
   |

error: float has excessive precision
  --> src\integrator_saba.rs:78:6
   |
78 |     [0.1127016653792583114820734600217600389167, 0.3872983346207416885179265399782399610833, 0., 0., 0.], // SABA3
   |      ^^^^^^^^^^^^^^^^^^^^^^^^^^^^^^^^^^^^^^^^^^
   |
   = help: for further information visit https://rust-lang.github.io/rust-clippy/rust-1.91.0/index.html#excessive_precision
help: consider changing the type or truncating it to
   |
78 -     [0.1127016653792583114820734600217600389167, 0.3872983346207416885179265399782399610833, 0., 0., 0.], // SABA3
78 +     [0.112_701_665_379_258_31, 0.3872983346207416885179265399782399610833, 0., 0., 0.], // SABA3
   |

error: float has excessive precision
  --> src\integrator_saba.rs:78:50
   |
78 |     [0.1127016653792583114820734600217600389167, 0.3872983346207416885179265399782399610833, 0., 0., 0.], // SABA3
   |                                                  ^^^^^^^^^^^^^^^^^^^^^^^^^^^^^^^^^^^^^^^^^^
   |
   = help: for further information visit https://rust-lang.github.io/rust-clippy/rust-1.91.0/index.html#excessive_precision
help: consider changing the type or truncating it to
   |
78 -     [0.1127016653792583114820734600217600389167, 0.3872983346207416885179265399782399610833, 0., 0., 0.], // SABA3
78 +     [0.1127016653792583114820734600217600389167, 0.387_298_334_620_741_7, 0., 0., 0.], // SABA3
   |

error: float has excessive precision
  --> src\integrator_saba.rs:79:6
   |
79 |     [0.06943184420297371238802675555359524745214, 0.2605776340045981552106403648947824089476,
   |      ^^^^^^^^^^^^^^^^^^^^^^^^^^^^^^^^^^^^^^^^^^^
   |
   = help: for further information visit https://rust-lang.github.io/rust-clippy/rust-1.91.0/index.html#excessive_precision
help: consider changing the type or truncating it to
   |
79 -     [0.06943184420297371238802675555359524745214, 0.2605776340045981552106403648947824089476,
79 +     [0.069_431_844_202_973_71, 0.2605776340045981552106403648947824089476,
   |

error: float has excessive precision
  --> src\integrator_saba.rs:79:51
   |
79 |     [0.06943184420297371238802675555359524745214, 0.2605776340045981552106403648947824089476,
   |                                                   ^^^^^^^^^^^^^^^^^^^^^^^^^^^^^^^^^^^^^^^^^^
   |
   = help: for further information visit https://rust-lang.github.io/rust-clippy/rust-1.91.0/index.html#excessive_precision
help: consider changing the type or truncating it to
   |
79 -     [0.06943184420297371238802675555359524745214, 0.2605776340045981552106403648947824089476,
79 +     [0.06943184420297371238802675555359524745214, 0.260_577_634_004_598_16,
   |

error: float has excessive precision
  --> src\integrator_saba.rs:80:9
   |
80 |         0.3399810435848562648026657591032446872006, 0., 0.], // SABA4
   |         ^^^^^^^^^^^^^^^^^^^^^^^^^^^^^^^^^^^^^^^^^^
   |
   = help: for further information visit https://rust-lang.github.io/rust-clippy/rust-1.91.0/index.html#excessive_precision
help: consider changing the type or truncating it to
   |
80 -         0.3399810435848562648026657591032446872006, 0., 0.], // SABA4
80 +         0.339_981_043_584_856_26, 0., 0.], // SABA4
   |

error: float has excessive precision
  --> src\integrator_saba.rs:81:6
   |
81 |     [0.04706710064597250612947887637243678556564, 0.1847569354170881069247376193702560968574,
   |      ^^^^^^^^^^^^^^^^^^^^^^^^^^^^^^^^^^^^^^^^^^^
   |
   = help: for further information visit https://rust-lang.github.io/rust-clippy/rust-1.91.0/index.html#excessive_precision
help: consider changing the type or truncating it to
   |
81 -     [0.04706710064597250612947887637243678556564, 0.1847569354170881069247376193702560968574,
81 +     [0.047_067_100_645_972_505, 0.1847569354170881069247376193702560968574,
   |

error: float has excessive precision
  --> src\integrator_saba.rs:81:51
   |
81 |     [0.04706710064597250612947887637243678556564, 0.1847569354170881069247376193702560968574,
   |                                                   ^^^^^^^^^^^^^^^^^^^^^^^^^^^^^^^^^^^^^^^^^^
   |
   = help: for further information visit https://rust-lang.github.io/rust-clippy/rust-1.91.0/index.html#excessive_precision
help: consider changing the type or truncating it to
   |
81 -     [0.04706710064597250612947887637243678556564, 0.1847569354170881069247376193702560968574,
81 +     [0.04706710064597250612947887637243678556564, 0.184_756_935_417_088_1,
   |

error: float has excessive precision
  --> src\integrator_saba.rs:82:9
   |
82 |         0.2827060056798362053243616565541452479160, -0.01453004174289681837857815229683813033908, 0.], // ABA(10,4)
   |         ^^^^^^^^^^^^^^^^^^^^^^^^^^^^^^^^^^^^^^^^^^
   |
   = help: for further information visit https://rust-lang.github.io/rust-clippy/rust-1.91.0/index.html#excessive_precision
help: consider changing the type or truncating it to
   |
82 -         0.2827060056798362053243616565541452479160, -0.01453004174289681837857815229683813033908, 0.], // ABA(10,4)
82 +         0.282_706_005_679_836_2, -0.01453004174289681837857815229683813033908, 0.], // ABA(10,4)
   |

error: float has excessive precision
  --> src\integrator_saba.rs:82:54
   |
82 |         0.2827060056798362053243616565541452479160, -0.01453004174289681837857815229683813033908, 0.], // ABA(10,4)
   |                                                      ^^^^^^^^^^^^^^^^^^^^^^^^^^^^^^^^^^^^^^^^^^^
   |
   = help: for further information visit https://rust-lang.github.io/rust-clippy/rust-1.91.0/index.html#excessive_precision
help: consider changing the type or truncating it to
   |
82 -         0.2827060056798362053243616565541452479160, -0.01453004174289681837857815229683813033908, 0.], // ABA(10,4)
82 +         0.2827060056798362053243616565541452479160, -0.014_530_041_742_896_82, 0.], // ABA(10,4)
   |

error: float has excessive precision
  --> src\integrator_saba.rs:83:6
   |
83 |     [0.0711334264982231177779387300061549964174, 0.241153427956640098736487795326289649618,
   |      ^^^^^^^^^^^^^^^^^^^^^^^^^^^^^^^^^^^^^^^^^^
   |
   = help: for further information visit https://rust-lang.github.io/rust-clippy/rust-1.91.0/index.html#excessive_precision
help: consider changing the type or truncating it to
   |
83 -     [0.0711334264982231177779387300061549964174, 0.241153427956640098736487795326289649618,
83 +     [0.071_133_426_498_223_12, 0.241153427956640098736487795326289649618,
   |

error: float has excessive precision
  --> src\integrator_saba.rs:83:50
   |
83 |     [0.0711334264982231177779387300061549964174, 0.241153427956640098736487795326289649618,
   |                                                  ^^^^^^^^^^^^^^^^^^^^^^^^^^^^^^^^^^^^^^^^^
   |
   = help: for further information visit https://rust-lang.github.io/rust-clippy/rust-1.91.0/index.html#excessive_precision
help: consider changing the type or truncating it to
   |
83 -     [0.0711334264982231177779387300061549964174, 0.241153427956640098736487795326289649618,
83 +     [0.0711334264982231177779387300061549964174, 0.241_153_427_956_640_1,
   |

error: float has excessive precision
  --> src\integrator_saba.rs:84:9
   |
84 |         0.521411761772814789212136078067994229991, -0.333698616227678005726562603400438876027, 0.], // ABA(8,6,4)
   |         ^^^^^^^^^^^^^^^^^^^^^^^^^^^^^^^^^^^^^^^^^
   |
   = help: for further information visit https://rust-lang.github.io/rust-clippy/rust-1.91.0/index.html#excessive_precision
help: consider changing the type or truncating it to
   |
84 -         0.521411761772814789212136078067994229991, -0.333698616227678005726562603400438876027, 0.], // ABA(8,6,4)
84 +         0.521_411_761_772_814_8, -0.333698616227678005726562603400438876027, 0.], // ABA(8,6,4)
   |

error: float has excessive precision
  --> src\integrator_saba.rs:84:53
   |
84 |         0.521411761772814789212136078067994229991, -0.333698616227678005726562603400438876027, 0.], // ABA(8,6,4)
   |                                                     ^^^^^^^^^^^^^^^^^^^^^^^^^^^^^^^^^^^^^^^^^
   |
   = help: for further information visit https://rust-lang.github.io/rust-clippy/rust-1.91.0/index.html#excessive_precision
help: consider changing the type or truncating it to
   |
84 -         0.521411761772814789212136078067994229991, -0.333698616227678005726562603400438876027, 0.], // ABA(8,6,4)
84 +         0.521411761772814789212136078067994229991, -0.333_698_616_227_678, 0.], // ABA(8,6,4)
   |

error: float has excessive precision
  --> src\integrator_saba.rs:85:6
   |
85 |     [0.03809449742241219545697532230863756534060, 0.1452987161169137492940200726606637497442,
   |      ^^^^^^^^^^^^^^^^^^^^^^^^^^^^^^^^^^^^^^^^^^^
   |
   = help: for further information visit https://rust-lang.github.io/rust-clippy/rust-1.91.0/index.html#excessive_precision
help: consider changing the type or truncating it to
   |
85 -     [0.03809449742241219545697532230863756534060, 0.1452987161169137492940200726606637497442,
85 +     [0.038_094_497_422_412_193, 0.1452987161169137492940200726606637497442,
   |

error: float has excessive precision
  --> src\integrator_saba.rs:85:51
   |
85 |     [0.03809449742241219545697532230863756534060, 0.1452987161169137492940200726606637497442,
   |                                                   ^^^^^^^^^^^^^^^^^^^^^^^^^^^^^^^^^^^^^^^^^^
   |
   = help: for further information visit https://rust-lang.github.io/rust-clippy/rust-1.91.0/index.html#excessive_precision
help: consider changing the type or truncating it to
   |
85 -     [0.03809449742241219545697532230863756534060, 0.1452987161169137492940200726606637497442,
85 +     [0.03809449742241219545697532230863756534060, 0.145_298_716_116_913_75,
   |

error: float has excessive precision
  --> src\integrator_saba.rs:86:9
   |
86 |         0.2076276957255412507162056113249882065158, 0.4359097036515261592231548624010651844006,
   |         ^^^^^^^^^^^^^^^^^^^^^^^^^^^^^^^^^^^^^^^^^^
   |
   = help: for further information visit https://rust-lang.github.io/rust-clippy/rust-1.91.0/index.html#excessive_precision
help: consider changing the type or truncating it to
   |
86 -         0.2076276957255412507162056113249882065158, 0.4359097036515261592231548624010651844006,
86 +         0.207_627_695_725_541_24, 0.4359097036515261592231548624010651844006,
   |

error: float has excessive precision
  --> src\integrator_saba.rs:86:53
   |
86 |         0.2076276957255412507162056113249882065158, 0.4359097036515261592231548624010651844006,
   |                                                     ^^^^^^^^^^^^^^^^^^^^^^^^^^^^^^^^^^^^^^^^^^
   |
   = help: for further information visit https://rust-lang.github.io/rust-clippy/rust-1.91.0/index.html#excessive_precision
help: consider changing the type or truncating it to
   |
86 -         0.2076276957255412507162056113249882065158, 0.4359097036515261592231548624010651844006,
86 +         0.2076276957255412507162056113249882065158, 0.435_909_703_651_526_15,
   |

error: float has excessive precision
  --> src\integrator_saba.rs:87:10
   |
87 |         -0.6538612258327867093807117373907094120024], // ABA(10,6,4)
   |          ^^^^^^^^^^^^^^^^^^^^^^^^^^^^^^^^^^^^^^^^^^
   |
   = help: for further information visit https://rust-lang.github.io/rust-clippy/rust-1.91.0/index.html#excessive_precision
help: consider changing the type or truncating it to
   |
87 -         -0.6538612258327867093807117373907094120024], // ABA(10,6,4)
87 +         -0.653_861_225_832_786_7], // ABA(10,6,4)
   |

error: float has excessive precision
  --> src\integrator_saba.rs:88:6
   |
88 |     [0.2741402689434018761640565440378637101205, -0.1075684384401642306251105297063236526845,
   |      ^^^^^^^^^^^^^^^^^^^^^^^^^^^^^^^^^^^^^^^^^^
   |
   = help: for further information visit https://rust-lang.github.io/rust-clippy/rust-1.91.0/index.html#excessive_precision
help: consider changing the type or truncating it to
   |
88 -     [0.2741402689434018761640565440378637101205, -0.1075684384401642306251105297063236526845,
88 +     [0.274_140_268_943_401_9, -0.1075684384401642306251105297063236526845,
   |

error: float has excessive precision
  --> src\integrator_saba.rs:88:51
   |
88 |     [0.2741402689434018761640565440378637101205, -0.1075684384401642306251105297063236526845,
   |                                                   ^^^^^^^^^^^^^^^^^^^^^^^^^^^^^^^^^^^^^^^^^^
   |
   = help: for further information visit https://rust-lang.github.io/rust-clippy/rust-1.91.0/index.html#excessive_precision
help: consider changing the type or truncating it to
   |
88 -     [0.2741402689434018761640565440378637101205, -0.1075684384401642306251105297063236526845,
88 +     [0.2741402689434018761640565440378637101205, -0.107_568_438_440_164_23,
   |

error: float has excessive precision
  --> src\integrator_saba.rs:89:10
   |
89 |         -0.0480185025906016926911954171508475065370, 0.7628933441747280943044988056386148982021, 0.], // ABAH(8,4,4)
   |          ^^^^^^^^^^^^^^^^^^^^^^^^^^^^^^^^^^^^^^^^^^
   |
   = help: for further information visit https://rust-lang.github.io/rust-clippy/rust-1.91.0/index.html#excessive_precision
help: consider changing the type or truncating it to
   |
89 -         -0.0480185025906016926911954171508475065370, 0.7628933441747280943044988056386148982021, 0.], // ABAH(8,4,4)
89 +         -0.048_018_502_590_601_69, 0.7628933441747280943044988056386148982021, 0.], // ABAH(8,4,4)
   |

error: float has excessive precision
  --> src\integrator_saba.rs:89:54
   |
89 |         -0.0480185025906016926911954171508475065370, 0.7628933441747280943044988056386148982021, 0.], // ABAH(8,4,4)
   |                                                      ^^^^^^^^^^^^^^^^^^^^^^^^^^^^^^^^^^^^^^^^^^
   |
   = help: for further information visit https://rust-lang.github.io/rust-clippy/rust-1.91.0/index.html#excessive_precision
help: consider changing the type or truncating it to
   |
89 -         -0.0480185025906016926911954171508475065370, 0.7628933441747280943044988056386148982021, 0.], // ABAH(8,4,4)
89 +         -0.0480185025906016926911954171508475065370, 0.762_893_344_174_728_1, 0.], // ABAH(8,4,4)
   |

error: float has excessive precision
  --> src\integrator_saba.rs:90:6
   |
90 |     [0.06810235651658372084723976682061164571212, 0.2511360387221033233072829580455350680082,
   |      ^^^^^^^^^^^^^^^^^^^^^^^^^^^^^^^^^^^^^^^^^^^
   |
   = help: for further information visit https://rust-lang.github.io/rust-clippy/rust-1.91.0/index.html#excessive_precision
help: consider changing the type or truncating it to
   |
90 -     [0.06810235651658372084723976682061164571212, 0.2511360387221033233072829580455350680082,
90 +     [0.068_102_356_516_583_72, 0.2511360387221033233072829580455350680082,
   |

error: float has excessive precision
  --> src\integrator_saba.rs:90:51
   |
90 |     [0.06810235651658372084723976682061164571212, 0.2511360387221033233072829580455350680082,
   |                                                   ^^^^^^^^^^^^^^^^^^^^^^^^^^^^^^^^^^^^^^^^^^
   |
   = help: for further information visit https://rust-lang.github.io/rust-clippy/rust-1.91.0/index.html#excessive_precision
help: consider changing the type or truncating it to
   |
90 -     [0.06810235651658372084723976682061164571212, 0.2511360387221033233072829580455350680082,
90 +     [0.06810235651658372084723976682061164571212, 0.251_136_038_722_103_3,
   |

error: float has excessive precision
  --> src\integrator_saba.rs:91:10
   |
91 |         -0.07507264957216562516006821767601620052338, -0.009544719701745007811488218957217113269121,
   |          ^^^^^^^^^^^^^^^^^^^^^^^^^^^^^^^^^^^^^^^^^^^
   |
   = help: for further information visit https://rust-lang.github.io/rust-clippy/rust-1.91.0/index.html#excessive_precision
help: consider changing the type or truncating it to
   |
91 -         -0.07507264957216562516006821767601620052338, -0.009544719701745007811488218957217113269121,
91 +         -0.075_072_649_572_165_63, -0.009544719701745007811488218957217113269121,
   |

error: float has excessive precision
  --> src\integrator_saba.rs:91:56
   |
91 |         -0.07507264957216562516006821767601620052338, -0.009544719701745007811488218957217113269121,
   |                                                        ^^^^^^^^^^^^^^^^^^^^^^^^^^^^^^^^^^^^^^^^^^^^
   |
   = help: for further information visit https://rust-lang.github.io/rust-clippy/rust-1.91.0/index.html#excessive_precision
help: consider changing the type or truncating it to
   |
91 -         -0.07507264957216562516006821767601620052338, -0.009544719701745007811488218957217113269121,
91 +         -0.07507264957216562516006821767601620052338, -0.009_544_719_701_745_008,
   |

error: float has excessive precision
  --> src\integrator_saba.rs:92:9
   |
92 |         0.5307579480704471776340674235341732001443], // ABAH(8,6,4)
   |         ^^^^^^^^^^^^^^^^^^^^^^^^^^^^^^^^^^^^^^^^^^
   |
   = help: for further information visit https://rust-lang.github.io/rust-clippy/rust-1.91.0/index.html#excessive_precision
help: consider changing the type or truncating it to
   |
92 -         0.5307579480704471776340674235341732001443], // ABAH(8,6,4)
92 +         0.530_757_948_070_447_2], // ABAH(8,6,4)
   |

error: float has excessive precision
  --> src\integrator_saba.rs:93:6
   |
93 |     [0.04731908697653382270404371796320813250988, 0.2651105235748785159539480036185693201078,
   |      ^^^^^^^^^^^^^^^^^^^^^^^^^^^^^^^^^^^^^^^^^^^
   |
   = help: for further information visit https://rust-lang.github.io/rust-clippy/rust-1.91.0/index.html#excessive_precision
help: consider changing the type or truncating it to
   |
93 -     [0.04731908697653382270404371796320813250988, 0.2651105235748785159539480036185693201078,
93 +     [0.047_319_086_976_533_82, 0.2651105235748785159539480036185693201078,
   |

error: float has excessive precision
  --> src\integrator_saba.rs:93:51
   |
93 |     [0.04731908697653382270404371796320813250988, 0.2651105235748785159539480036185693201078,
   |                                                   ^^^^^^^^^^^^^^^^^^^^^^^^^^^^^^^^^^^^^^^^^^
   |
   = help: for further information visit https://rust-lang.github.io/rust-clippy/rust-1.91.0/index.html#excessive_precision
help: consider changing the type or truncating it to
   |
93 -     [0.04731908697653382270404371796320813250988, 0.2651105235748785159539480036185693201078,
93 +     [0.04731908697653382270404371796320813250988, 0.265_110_523_574_878_5,
   |

error: float has excessive precision
  --> src\integrator_saba.rs:94:10
   |
94 |         -0.009976522883811240843267468164812380613143, -0.05992919973494155126395247987729676004016,
   |          ^^^^^^^^^^^^^^^^^^^^^^^^^^^^^^^^^^^^^^^^^^^^
   |
   = help: for further information visit https://rust-lang.github.io/rust-clippy/rust-1.91.0/index.html#excessive_precision
help: consider changing the type or truncating it to
   |
94 -         -0.009976522883811240843267468164812380613143, -0.05992919973494155126395247987729676004016,
94 +         -0.009_976_522_883_811_241, -0.05992919973494155126395247987729676004016,
   |

error: float has excessive precision
  --> src\integrator_saba.rs:94:57
   |
94 |         -0.009976522883811240843267468164812380613143, -0.05992919973494155126395247987729676004016,
   |                                                         ^^^^^^^^^^^^^^^^^^^^^^^^^^^^^^^^^^^^^^^^^^^
   |
   = help: for further information visit https://rust-lang.github.io/rust-clippy/rust-1.91.0/index.html#excessive_precision
help: consider changing the type or truncating it to
   |
94 -         -0.009976522883811240843267468164812380613143, -0.05992919973494155126395247987729676004016,
94 +         -0.009976522883811240843267468164812380613143, -0.059_929_199_734_941_555,
   |

error: float has excessive precision
  --> src\integrator_saba.rs:95:9
   |
95 |         0.2574761120673404534492282264603316880356], // ABAH(10,6,4)
   |         ^^^^^^^^^^^^^^^^^^^^^^^^^^^^^^^^^^^^^^^^^^
   |
   = help: for further information visit https://rust-lang.github.io/rust-clippy/rust-1.91.0/index.html#excessive_precision
help: consider changing the type or truncating it to
   |
95 -         0.2574761120673404534492282264603316880356], // ABAH(10,6,4)
95 +         0.257_476_112_067_340_45], // ABAH(10,6,4)
   |

error: float has excessive precision
   --> src\integrator_saba.rs:100:6
    |
100 |     [0.2777777777777777777777777777777777777778, 0.4444444444444444444444444444444444444444, 0., 0., 0.],
    |      ^^^^^^^^^^^^^^^^^^^^^^^^^^^^^^^^^^^^^^^^^^
    |
    = help: for further information visit https://rust-lang.github.io/rust-clippy/rust-1.91.0/index.html#excessive_precision
help: consider changing the type or truncating it to
    |
100 -     [0.2777777777777777777777777777777777777778, 0.4444444444444444444444444444444444444444, 0., 0., 0.],
100 +     [0.277_777_777_777_777_8, 0.4444444444444444444444444444444444444444, 0., 0., 0.],
    |

error: float has excessive precision
   --> src\integrator_saba.rs:100:50
    |
100 |     [0.2777777777777777777777777777777777777778, 0.4444444444444444444444444444444444444444, 0., 0., 0.],
    |                                                  ^^^^^^^^^^^^^^^^^^^^^^^^^^^^^^^^^^^^^^^^^^
    |
    = help: for further information visit https://rust-lang.github.io/rust-clippy/rust-1.91.0/index.html#excessive_precision
help: consider changing the type or truncating it to
    |
100 -     [0.2777777777777777777777777777777777777778, 0.4444444444444444444444444444444444444444, 0., 0., 0.],
100 +     [0.2777777777777777777777777777777777777778, 0.444_444_444_444_444_4, 0., 0., 0.],
    |

error: float has excessive precision
   --> src\integrator_saba.rs:101:6
    |
101 |     [0.1739274225687269286865319746109997036177, 0.3260725774312730713134680253890002963823, 0., 0., 0.],
    |      ^^^^^^^^^^^^^^^^^^^^^^^^^^^^^^^^^^^^^^^^^^
    |
    = help: for further information visit https://rust-lang.github.io/rust-clippy/rust-1.91.0/index.html#excessive_precision
help: consider changing the type or truncating it to
    |
101 -     [0.1739274225687269286865319746109997036177, 0.3260725774312730713134680253890002963823, 0., 0., 0.],
101 +     [0.173_927_422_568_726_92, 0.3260725774312730713134680253890002963823, 0., 0., 0.],
    |

error: float has excessive precision
   --> src\integrator_saba.rs:101:50
    |
101 |     [0.1739274225687269286865319746109997036177, 0.3260725774312730713134680253890002963823, 0., 0., 0.],
    |                                                  ^^^^^^^^^^^^^^^^^^^^^^^^^^^^^^^^^^^^^^^^^^
    |
    = help: for further information visit https://rust-lang.github.io/rust-clippy/rust-1.91.0/index.html#excessive_precision
help: consider changing the type or truncating it to
    |
101 -     [0.1739274225687269286865319746109997036177, 0.3260725774312730713134680253890002963823, 0., 0., 0.],
101 +     [0.1739274225687269286865319746109997036177, 0.326_072_577_431_273_05, 0., 0., 0.],
    |

error: float has excessive precision
   --> src\integrator_saba.rs:102:6
    |
102 |     [0.1188819173681970199453503950853885936957, 0.2410504605515015657441667865901651105675,
    |      ^^^^^^^^^^^^^^^^^^^^^^^^^^^^^^^^^^^^^^^^^^
    |
    = help: for further information visit https://rust-lang.github.io/rust-clippy/rust-1.91.0/index.html#excessive_precision
help: consider changing the type or truncating it to
    |
102 -     [0.1188819173681970199453503950853885936957, 0.2410504605515015657441667865901651105675,
102 +     [0.118_881_917_368_197_02, 0.2410504605515015657441667865901651105675,
    |

error: float has excessive precision
   --> src\integrator_saba.rs:102:50
    |
102 |     [0.1188819173681970199453503950853885936957, 0.2410504605515015657441667865901651105675,
    |                                                  ^^^^^^^^^^^^^^^^^^^^^^^^^^^^^^^^^^^^^^^^^^
    |
    = help: for further information visit https://rust-lang.github.io/rust-clippy/rust-1.91.0/index.html#excessive_precision
help: consider changing the type or truncating it to
    |
102 -     [0.1188819173681970199453503950853885936957, 0.2410504605515015657441667865901651105675,
102 +     [0.1188819173681970199453503950853885936957, 0.241_050_460_551_501_56,
    |

error: float has excessive precision
   --> src\integrator_saba.rs:103:10
    |
103 |         -0.2732866667053238060543113981664559460630, 0.8267085775712504407295884329818044835997, 0.], // ABA(10,4)
    |          ^^^^^^^^^^^^^^^^^^^^^^^^^^^^^^^^^^^^^^^^^^
    |
    = help: for further information visit https://rust-lang.github.io/rust-clippy/rust-1.91.0/index.html#excessive_precision
help: consider changing the type or truncating it to
    |
103 -         -0.2732866667053238060543113981664559460630, 0.8267085775712504407295884329818044835997, 0.], // ABA(10,4)
103 +         -0.273_286_666_705_323_8, 0.8267085775712504407295884329818044835997, 0.], // ABA(10,4)
    |

error: float has excessive precision
   --> src\integrator_saba.rs:103:54
    |
103 |         -0.2732866667053238060543113981664559460630, 0.8267085775712504407295884329818044835997, 0.], // ABA(10,4)
    |                                                      ^^^^^^^^^^^^^^^^^^^^^^^^^^^^^^^^^^^^^^^^^^
    |
    = help: for further information visit https://rust-lang.github.io/rust-clippy/rust-1.91.0/index.html#excessive_precision
help: consider changing the type or truncating it to
    |
103 -         -0.2732866667053238060543113981664559460630, 0.8267085775712504407295884329818044835997, 0.], // ABA(10,4)
103 +         -0.2732866667053238060543113981664559460630, 0.826_708_577_571_250_5, 0.], // ABA(10,4)
    |

error: float has excessive precision
   --> src\integrator_saba.rs:104:6
    |
104 |     [0.183083687472197221961703757166430291072, 0.310782859898574869507522291054262796375,
    |      ^^^^^^^^^^^^^^^^^^^^^^^^^^^^^^^^^^^^^^^^^
    |
    = help: for further information visit https://rust-lang.github.io/rust-clippy/rust-1.91.0/index.html#excessive_precision
help: consider changing the type or truncating it to
    |
104 -     [0.183083687472197221961703757166430291072, 0.310782859898574869507522291054262796375,
104 +     [0.183_083_687_472_197_22, 0.310782859898574869507522291054262796375,
    |

error: float has excessive precision
   --> src\integrator_saba.rs:104:49
    |
104 |     [0.183083687472197221961703757166430291072, 0.310782859898574869507522291054262796375,
    |                                                 ^^^^^^^^^^^^^^^^^^^^^^^^^^^^^^^^^^^^^^^^^
    |
    = help: for further information visit https://rust-lang.github.io/rust-clippy/rust-1.91.0/index.html#excessive_precision
help: consider changing the type or truncating it to
    |
104 -     [0.183083687472197221961703757166430291072, 0.310782859898574869507522291054262796375,
104 +     [0.183083687472197221961703757166430291072, 0.310_782_859_898_574_85,
    |

error: float has excessive precision
   --> src\integrator_saba.rs:105:10
    |
105 |         -0.0265646185119588006972121379164987592663, 0.0653961422823734184559721793911134363710, 0.], // ABA(8,6,4)
    |          ^^^^^^^^^^^^^^^^^^^^^^^^^^^^^^^^^^^^^^^^^^
    |
    = help: for further information visit https://rust-lang.github.io/rust-clippy/rust-1.91.0/index.html#excessive_precision
help: consider changing the type or truncating it to
    |
105 -         -0.0265646185119588006972121379164987592663, 0.0653961422823734184559721793911134363710, 0.], // ABA(8,6,4)
105 +         -0.026_564_618_511_958_8, 0.0653961422823734184559721793911134363710, 0.], // ABA(8,6,4)
    |

error: float has excessive precision
   --> src\integrator_saba.rs:105:54
    |
105 |         -0.0265646185119588006972121379164987592663, 0.0653961422823734184559721793911134363710, 0.], // ABA(8,6,4)
    |                                                      ^^^^^^^^^^^^^^^^^^^^^^^^^^^^^^^^^^^^^^^^^^
    |
    = help: for further information visit https://rust-lang.github.io/rust-clippy/rust-1.91.0/index.html#excessive_precision
help: consider changing the type or truncating it to
    |
105 -         -0.0265646185119588006972121379164987592663, 0.0653961422823734184559721793911134363710, 0.], // ABA(8,6,4)
105 +         -0.0265646185119588006972121379164987592663, 0.065_396_142_282_373_42, 0.], // ABA(8,6,4)
    |

error: float has excessive precision
   --> src\integrator_saba.rs:106:6
    |
106 |     [0.09585888083707521061077150377145884776921, 0.2044461531429987806805077839164344779763,
    |      ^^^^^^^^^^^^^^^^^^^^^^^^^^^^^^^^^^^^^^^^^^^
    |
    = help: for further information visit https://rust-lang.github.io/rust-clippy/rust-1.91.0/index.html#excessive_precision
help: consider changing the type or truncating it to
    |
106 -     [0.09585888083707521061077150377145884776921, 0.2044461531429987806805077839164344779763,
106 +     [0.095_858_880_837_075_21, 0.2044461531429987806805077839164344779763,
    |

error: float has excessive precision
   --> src\integrator_saba.rs:106:51
    |
106 |     [0.09585888083707521061077150377145884776921, 0.2044461531429987806805077839164344779763,
    |                                                   ^^^^^^^^^^^^^^^^^^^^^^^^^^^^^^^^^^^^^^^^^^
    |
    = help: for further information visit https://rust-lang.github.io/rust-clippy/rust-1.91.0/index.html#excessive_precision
help: consider changing the type or truncating it to
    |
106 -     [0.09585888083707521061077150377145884776921, 0.2044461531429987806805077839164344779763,
106 +     [0.09585888083707521061077150377145884776921, 0.204_446_153_142_998_77,
    |

error: float has excessive precision
   --> src\integrator_saba.rs:107:9
    |
107 |         0.2170703479789911017143385924306336714532, -0.01737538195906509300561788011852699719871, 0.], // ABA(10,6,4)
    |         ^^^^^^^^^^^^^^^^^^^^^^^^^^^^^^^^^^^^^^^^^^
    |
    = help: for further information visit https://rust-lang.github.io/rust-clippy/rust-1.91.0/index.html#excessive_precision
help: consider changing the type or truncating it to
    |
107 -         0.2170703479789911017143385924306336714532, -0.01737538195906509300561788011852699719871, 0.], // ABA(10,6,4)
107 +         0.217_070_347_978_991_1, -0.01737538195906509300561788011852699719871, 0.], // ABA(10,6,4)
    |

error: float has excessive precision
   --> src\integrator_saba.rs:107:54
    |
107 |         0.2170703479789911017143385924306336714532, -0.01737538195906509300561788011852699719871, 0.], // ABA(10,6,4)
    |                                                      ^^^^^^^^^^^^^^^^^^^^^^^^^^^^^^^^^^^^^^^^^^^
    |
    = help: for further information visit https://rust-lang.github.io/rust-clippy/rust-1.91.0/index.html#excessive_precision
help: consider changing the type or truncating it to
    |
107 -         0.2170703479789911017143385924306336714532, -0.01737538195906509300561788011852699719871, 0.], // ABA(10,6,4)
107 +         0.2170703479789911017143385924306336714532, -0.017_375_381_959_065_093, 0.], // ABA(10,6,4)
    |

error: float has excessive precision
   --> src\integrator_saba.rs:108:6
    |
108 |     [0.6408857951625127177322491164716010349386, -0.8585754489567828565881283246356000103664,
    |      ^^^^^^^^^^^^^^^^^^^^^^^^^^^^^^^^^^^^^^^^^^
    |
    = help: for further information visit https://rust-lang.github.io/rust-clippy/rust-1.91.0/index.html#excessive_precision
help: consider changing the type or truncating it to
    |
108 -     [0.6408857951625127177322491164716010349386, -0.8585754489567828565881283246356000103664,
108 +     [0.640_885_795_162_512_8, -0.8585754489567828565881283246356000103664,
    |

error: float has excessive precision
   --> src\integrator_saba.rs:108:51
    |
108 |     [0.6408857951625127177322491164716010349386, -0.8585754489567828565881283246356000103664,
    |                                                   ^^^^^^^^^^^^^^^^^^^^^^^^^^^^^^^^^^^^^^^^^^
    |
    = help: for further information visit https://rust-lang.github.io/rust-clippy/rust-1.91.0/index.html#excessive_precision
help: consider changing the type or truncating it to
    |
108 -     [0.6408857951625127177322491164716010349386, -0.8585754489567828565881283246356000103664,
108 +     [0.6408857951625127177322491164716010349386, -0.858_575_448_956_782_8,
    |

error: float has excessive precision
   --> src\integrator_saba.rs:109:9
    |
109 |         0.7176896537942701388558792081639989754277, 0., 0.], // ABAH(8,4,4)
    |         ^^^^^^^^^^^^^^^^^^^^^^^^^^^^^^^^^^^^^^^^^^
    |
    = help: for further information visit https://rust-lang.github.io/rust-clippy/rust-1.91.0/index.html#excessive_precision
help: consider changing the type or truncating it to
    |
109 -         0.7176896537942701388558792081639989754277, 0., 0.], // ABAH(8,4,4)
109 +         0.717_689_653_794_270_2, 0., 0.], // ABAH(8,4,4)
    |

error: float has excessive precision
   --> src\integrator_saba.rs:110:6
    |
110 |     [0.1684432593618954534310382697756917558148, 0.4243177173742677224300351657407231801453,
    |      ^^^^^^^^^^^^^^^^^^^^^^^^^^^^^^^^^^^^^^^^^^
    |
    = help: for further information visit https://rust-lang.github.io/rust-clippy/rust-1.91.0/index.html#excessive_precision
help: consider changing the type or truncating it to
    |
110 -     [0.1684432593618954534310382697756917558148, 0.4243177173742677224300351657407231801453,
110 +     [0.168_443_259_361_895_44, 0.4243177173742677224300351657407231801453,
    |

error: float has excessive precision
   --> src\integrator_saba.rs:110:50
    |
110 |     [0.1684432593618954534310382697756917558148, 0.4243177173742677224300351657407231801453,
    |                                                  ^^^^^^^^^^^^^^^^^^^^^^^^^^^^^^^^^^^^^^^^^^
    |
    = help: for further information visit https://rust-lang.github.io/rust-clippy/rust-1.91.0/index.html#excessive_precision
help: consider changing the type or truncating it to
    |
110 -     [0.1684432593618954534310382697756917558148, 0.4243177173742677224300351657407231801453,
110 +     [0.1684432593618954534310382697756917558148, 0.424_317_717_374_267_7,
    |

error: float has excessive precision
   --> src\integrator_saba.rs:111:10
    |
111 |         -0.5858109694681756812309015355404036521923, 0.4930499927320125053698281000239887162321, 0.], // ABAH(8,6,4)
    |          ^^^^^^^^^^^^^^^^^^^^^^^^^^^^^^^^^^^^^^^^^^
    |
    = help: for further information visit https://rust-lang.github.io/rust-clippy/rust-1.91.0/index.html#excessive_precision
help: consider changing the type or truncating it to
    |
111 -         -0.5858109694681756812309015355404036521923, 0.4930499927320125053698281000239887162321, 0.], // ABAH(8,6,4)
111 +         -0.585_810_969_468_175_7, 0.4930499927320125053698281000239887162321, 0.], // ABAH(8,6,4)
    |

error: float has excessive precision
   --> src\integrator_saba.rs:111:54
    |
111 |         -0.5858109694681756812309015355404036521923, 0.4930499927320125053698281000239887162321, 0.], // ABAH(8,6,4)
    |                                                      ^^^^^^^^^^^^^^^^^^^^^^^^^^^^^^^^^^^^^^^^^^
    |
    = help: for further information visit https://rust-lang.github.io/rust-clippy/rust-1.91.0/index.html#excessive_precision
help: consider changing the type or truncating it to
    |
111 -         -0.5858109694681756812309015355404036521923, 0.4930499927320125053698281000239887162321, 0.], // ABAH(8,6,4)
111 +         -0.5858109694681756812309015355404036521923, 0.493_049_992_732_012_5, 0.], // ABAH(8,6,4)
    |

error: float has excessive precision
   --> src\integrator_saba.rs:112:6
    |
112 |     [0.1196884624585322035312864297489892143852, 0.3752955855379374250420128537687503199451,
    |      ^^^^^^^^^^^^^^^^^^^^^^^^^^^^^^^^^^^^^^^^^^
    |
    = help: for further information visit https://rust-lang.github.io/rust-clippy/rust-1.91.0/index.html#excessive_precision
help: consider changing the type or truncating it to
    |
112 -     [0.1196884624585322035312864297489892143852, 0.3752955855379374250420128537687503199451,
112 +     [0.119_688_462_458_532_21, 0.3752955855379374250420128537687503199451,
    |

error: float has excessive precision
   --> src\integrator_saba.rs:112:50
    |
112 |     [0.1196884624585322035312864297489892143852, 0.3752955855379374250420128537687503199451,
    |                                                  ^^^^^^^^^^^^^^^^^^^^^^^^^^^^^^^^^^^^^^^^^^
    |
    = help: for further information visit https://rust-lang.github.io/rust-clippy/rust-1.91.0/index.html#excessive_precision
help: consider changing the type or truncating it to
    |
112 -     [0.1196884624585322035312864297489892143852, 0.3752955855379374250420128537687503199451,
112 +     [0.1196884624585322035312864297489892143852, 0.375_295_585_537_937_4,
    |

error: float has excessive precision
   --> src\integrator_saba.rs:113:10
    |
113 |         -0.4684593418325993783650820409805381740605, 0.3351397342755897010393098942949569049275,
    |          ^^^^^^^^^^^^^^^^^^^^^^^^^^^^^^^^^^^^^^^^^^
    |
    = help: for further information visit https://rust-lang.github.io/rust-clippy/rust-1.91.0/index.html#excessive_precision
help: consider changing the type or truncating it to
    |
113 -         -0.4684593418325993783650820409805381740605, 0.3351397342755897010393098942949569049275,
113 +         -0.468_459_341_832_599_35, 0.3351397342755897010393098942949569049275,
    |

error: float has excessive precision
   --> src\integrator_saba.rs:113:54
    |
113 |         -0.4684593418325993783650820409805381740605, 0.3351397342755897010393098942949569049275,
    |                                                      ^^^^^^^^^^^^^^^^^^^^^^^^^^^^^^^^^^^^^^^^^^
    |
    = help: for further information visit https://rust-lang.github.io/rust-clippy/rust-1.91.0/index.html#excessive_precision
help: consider changing the type or truncating it to
    |
113 -         -0.4684593418325993783650820409805381740605, 0.3351397342755897010393098942949569049275,
113 +         -0.4684593418325993783650820409805381740605, 0.335_139_734_275_589_7,
    |

error: float has excessive precision
   --> src\integrator_saba.rs:114:9
    |
114 |         0.2766711191210800975049457263356834696055], // ABAH(10,6,4)
    |         ^^^^^^^^^^^^^^^^^^^^^^^^^^^^^^^^^^^^^^^^^^
    |
    = help: for further information visit https://rust-lang.github.io/rust-clippy/rust-1.91.0/index.html#excessive_precision
help: consider changing the type or truncating it to
    |
114 -         0.2766711191210800975049457263356834696055], // ABAH(10,6,4)
114 +         0.276_671_119_121_080_1], // ABAH(10,6,4)
    |

error: float has excessive precision
   --> src\integrator_saba.rs:117:5
    |
117 |     0.08333333333333333333333333333333333333333,  // SABAC1
    |     ^^^^^^^^^^^^^^^^^^^^^^^^^^^^^^^^^^^^^^^^^^^
    |
    = help: for further information visit https://rust-lang.github.io/rust-clippy/rust-1.91.0/index.html#excessive_precision
help: consider changing the type or truncating it to
    |
117 -     0.08333333333333333333333333333333333333333,  // SABAC1
117 +     0.083_333_333_333_333_33,  // SABAC1
    |

error: float has excessive precision
   --> src\integrator_saba.rs:118:5
    |
118 |     0.01116454968463011276968973577058865137738,  // SABAC2
    |     ^^^^^^^^^^^^^^^^^^^^^^^^^^^^^^^^^^^^^^^^^^^
    |
    = help: for further information visit https://rust-lang.github.io/rust-clippy/rust-1.91.0/index.html#excessive_precision
help: consider changing the type or truncating it to
    |
118 -     0.01116454968463011276968973577058865137738,  // SABAC2
118 +     0.011_164_549_684_630_112,  // SABAC2
    |

error: float has excessive precision
   --> src\integrator_saba.rs:119:5
    |
119 |     0.005634593363122809402267823769797538671562, // SABAC3
    |     ^^^^^^^^^^^^^^^^^^^^^^^^^^^^^^^^^^^^^^^^^^^^
    |
    = help: for further information visit https://rust-lang.github.io/rust-clippy/rust-1.91.0/index.html#excessive_precision
help: consider changing the type or truncating it to
    |
119 -     0.005634593363122809402267823769797538671562, // SABAC3
119 +     0.005_634_593_363_122_809, // SABAC3
    |

error: float has excessive precision
   --> src\integrator_saba.rs:120:5
    |
120 |     0.003396775048208601331532157783492144,       // SABAC4
    |     ^^^^^^^^^^^^^^^^^^^^^^^^^^^^^^^^^^^^^^
    |
    = help: for further information visit https://rust-lang.github.io/rust-clippy/rust-1.91.0/index.html#excessive_precision
help: consider changing the type or truncating it to
    |
120 -     0.003396775048208601331532157783492144,       // SABAC4
120 +     0.003_396_775_048_208_601_5,       // SABAC4
    |

error: float has excessive precision
  --> src\integrator_janus.rs:67:9
   |
67 |         0.41449077179437573714,
   |         ^^^^^^^^^^^^^^^^^^^^^^
   |
   = help: for further information visit https://rust-lang.github.io/rust-clippy/rust-1.91.0/index.html#excessive_precision
help: consider changing the type or truncating it to
   |
67 -         0.41449077179437573714,
67 +         0.414_490_771_794_375_7,
   |

error: float has excessive precision
  --> src\integrator_janus.rs:68:9
   |
68 |         0.41449077179437573714,
   |         ^^^^^^^^^^^^^^^^^^^^^^
   |
   = help: for further information visit https://rust-lang.github.io/rust-clippy/rust-1.91.0/index.html#excessive_precision
help: consider changing the type or truncating it to
   |
68 -         0.41449077179437573714,
68 +         0.414_490_771_794_375_7,
   |

error: float has excessive precision
  --> src\integrator_janus.rs:69:10
   |
69 |         -0.65796308717750294857,
   |          ^^^^^^^^^^^^^^^^^^^^^^
   |
   = help: for further information visit https://rust-lang.github.io/rust-clippy/rust-1.91.0/index.html#excessive_precision
help: consider changing the type or truncating it to
   |
69 -         -0.65796308717750294857,
69 +         -0.657_963_087_177_503,
   |

error: float has excessive precision
  --> src\integrator_janus.rs:77:9
   |
77 |         0.39216144400731413928,
   |         ^^^^^^^^^^^^^^^^^^^^^^
   |
   = help: for further information visit https://rust-lang.github.io/rust-clippy/rust-1.91.0/index.html#excessive_precision
help: consider changing the type or truncating it to
   |
77 -         0.39216144400731413928,
77 +         0.392_161_444_007_314_1,
   |

error: float has excessive precision
  --> src\integrator_janus.rs:78:9
   |
78 |         0.33259913678935943860,
   |         ^^^^^^^^^^^^^^^^^^^^^^
   |
   = help: for further information visit https://rust-lang.github.io/rust-clippy/rust-1.91.0/index.html#excessive_precision
help: consider changing the type or truncating it to
   |
78 -         0.33259913678935943860,
78 +         0.332_599_136_789_359_43,
   |

error: float has excessive precision
  --> src\integrator_janus.rs:79:10
   |
79 |         -0.70624617255763935981,
   |          ^^^^^^^^^^^^^^^^^^^^^^
   |
   = help: for further information visit https://rust-lang.github.io/rust-clippy/rust-1.91.0/index.html#excessive_precision
help: consider changing the type or truncating it to
   |
79 -         -0.70624617255763935981,
79 +         -0.706_246_172_557_639_3,
   |

error: float has excessive precision
  --> src\integrator_janus.rs:80:9
   |
80 |         0.082213596293550800230,
   |         ^^^^^^^^^^^^^^^^^^^^^^^
   |
   = help: for further information visit https://rust-lang.github.io/rust-clippy/rust-1.91.0/index.html#excessive_precision
help: consider changing the type or truncating it to
   |
80 -         0.082213596293550800230,
80 +         0.082_213_596_293_550_8,
   |

error: float has excessive precision
  --> src\integrator_janus.rs:81:9
   |
81 |         0.79854399093482996340,
   |         ^^^^^^^^^^^^^^^^^^^^^^
   |
   = help: for further information visit https://rust-lang.github.io/rust-clippy/rust-1.91.0/index.html#excessive_precision
help: consider changing the type or truncating it to
   |
81 -         0.79854399093482996340,
81 +         0.798_543_990_934_83,
   |

error: float has excessive precision
  --> src\integrator_janus.rs:89:9
   |
89 |         0.74167036435061295345,
   |         ^^^^^^^^^^^^^^^^^^^^^^
   |
   = help: for further information visit https://rust-lang.github.io/rust-clippy/rust-1.91.0/index.html#excessive_precision
help: consider changing the type or truncating it to
   |
89 -         0.74167036435061295345,
89 +         0.741_670_364_350_613,
   |

error: float has excessive precision
  --> src\integrator_janus.rs:90:10
   |
90 |         -0.40910082580003159400,
   |          ^^^^^^^^^^^^^^^^^^^^^^
   |
   = help: for further information visit https://rust-lang.github.io/rust-clippy/rust-1.91.0/index.html#excessive_precision
help: consider changing the type or truncating it to
   |
90 -         -0.40910082580003159400,
90 +         -0.409_100_825_800_031_6,
   |

error: float has excessive precision
  --> src\integrator_janus.rs:91:9
   |
91 |         0.19075471029623837995,
   |         ^^^^^^^^^^^^^^^^^^^^^^
   |
   = help: for further information visit https://rust-lang.github.io/rust-clippy/rust-1.91.0/index.html#excessive_precision
help: consider changing the type or truncating it to
   |
91 -         0.19075471029623837995,
91 +         0.190_754_710_296_238_4,
   |

error: float has excessive precision
  --> src\integrator_janus.rs:92:10
   |
92 |         -0.57386247111608226666,
   |          ^^^^^^^^^^^^^^^^^^^^^^
   |
   = help: for further information visit https://rust-lang.github.io/rust-clippy/rust-1.91.0/index.html#excessive_precision
help: consider changing the type or truncating it to
   |
92 -         -0.57386247111608226666,
92 +         -0.573_862_471_116_082_2,
   |

error: float has excessive precision
  --> src\integrator_janus.rs:93:9
   |
93 |         0.29906418130365592384,
   |         ^^^^^^^^^^^^^^^^^^^^^^
   |
   = help: for further information visit https://rust-lang.github.io/rust-clippy/rust-1.91.0/index.html#excessive_precision
help: consider changing the type or truncating it to
   |
93 -         0.29906418130365592384,
93 +         0.299_064_181_303_655_9,
   |

error: float has excessive precision
  --> src\integrator_janus.rs:94:9
   |
94 |         0.33462491824529818378,
   |         ^^^^^^^^^^^^^^^^^^^^^^
   |
   = help: for further information visit https://rust-lang.github.io/rust-clippy/rust-1.91.0/index.html#excessive_precision
help: consider changing the type or truncating it to
   |
94 -         0.33462491824529818378,
94 +         0.334_624_918_245_298_16,
   |

error: float has excessive precision
  --> src\integrator_janus.rs:95:9
   |
95 |         0.31529309239676659663,
   |         ^^^^^^^^^^^^^^^^^^^^^^
   |
   = help: for further information visit https://rust-lang.github.io/rust-clippy/rust-1.91.0/index.html#excessive_precision
help: consider changing the type or truncating it to
   |
95 -         0.31529309239676659663,
95 +         0.315_293_092_396_766_6,
   |

error: float has excessive precision
  --> src\integrator_janus.rs:96:10
   |
96 |         -0.79688793935291635402,
   |          ^^^^^^^^^^^^^^^^^^^^^^
   |
   = help: for further information visit https://rust-lang.github.io/rust-clippy/rust-1.91.0/index.html#excessive_precision
help: consider changing the type or truncating it to
   |
96 -         -0.79688793935291635402,
96 +         -0.796_887_939_352_916_4,
   |

error: float has excessive precision
   --> src\integrator_janus.rs:104:9
    |
104 |         0.12313526870982994083,
    |         ^^^^^^^^^^^^^^^^^^^^^^
    |
    = help: for further information visit https://rust-lang.github.io/rust-clippy/rust-1.91.0/index.html#excessive_precision
help: consider changing the type or truncating it to
    |
104 -         0.12313526870982994083,
104 +         0.123_135_268_709_829_94,
    |

error: float has excessive precision
   --> src\integrator_janus.rs:105:9
    |
105 |         0.77644981696937310520,
    |         ^^^^^^^^^^^^^^^^^^^^^^
    |
    = help: for further information visit https://rust-lang.github.io/rust-clippy/rust-1.91.0/index.html#excessive_precision
help: consider changing the type or truncating it to
    |
105 -         0.77644981696937310520,
105 +         0.776_449_816_969_373_1,
    |

error: float has excessive precision
   --> src\integrator_janus.rs:106:9
    |
106 |         0.14905490079567045613,
    |         ^^^^^^^^^^^^^^^^^^^^^^
    |
    = help: for further information visit https://rust-lang.github.io/rust-clippy/rust-1.91.0/index.html#excessive_precision
help: consider changing the type or truncating it to
    |
106 -         0.14905490079567045613,
106 +         0.149_054_900_795_670_46,
    |

error: float has excessive precision
   --> src\integrator_janus.rs:107:10
    |
107 |         -0.17250761219393744420,
    |          ^^^^^^^^^^^^^^^^^^^^^^
    |
    = help: for further information visit https://rust-lang.github.io/rust-clippy/rust-1.91.0/index.html#excessive_precision
help: consider changing the type or truncating it to
    |
107 -         -0.17250761219393744420,
107 +         -0.172_507_612_193_937_45,
    |

error: float has excessive precision
   --> src\integrator_janus.rs:108:10
    |
108 |         -0.54871240818800177942,
    |          ^^^^^^^^^^^^^^^^^^^^^^
    |
    = help: for further information visit https://rust-lang.github.io/rust-clippy/rust-1.91.0/index.html#excessive_precision
help: consider changing the type or truncating it to
    |
108 -         -0.54871240818800177942,
108 +         -0.548_712_408_188_001_8,
    |

error: float has excessive precision
   --> src\integrator_janus.rs:109:9
    |
109 |         0.14289765421841842100,
    |         ^^^^^^^^^^^^^^^^^^^^^^
    |
    = help: for further information visit https://rust-lang.github.io/rust-clippy/rust-1.91.0/index.html#excessive_precision
help: consider changing the type or truncating it to
    |
109 -         0.14289765421841842100,
109 +         0.142_897_654_218_418_4,
    |

error: float has excessive precision
   --> src\integrator_janus.rs:110:10
    |
110 |         -0.31419193263986861997,
    |          ^^^^^^^^^^^^^^^^^^^^^^
    |
    = help: for further information visit https://rust-lang.github.io/rust-clippy/rust-1.91.0/index.html#excessive_precision
help: consider changing the type or truncating it to
    |
110 -         -0.31419193263986861997,
110 +         -0.314_191_932_639_868_6,
    |

error: float has excessive precision
   --> src\integrator_janus.rs:111:9
    |
111 |         0.12670943739561041022,
    |         ^^^^^^^^^^^^^^^^^^^^^^
    |
    = help: for further information visit https://rust-lang.github.io/rust-clippy/rust-1.91.0/index.html#excessive_precision
help: consider changing the type or truncating it to
    |
111 -         0.12670943739561041022,
111 +         0.126_709_437_395_610_4,
    |

error: float has excessive precision
   --> src\integrator_janus.rs:112:9
    |
112 |         0.17444734584181312998,
    |         ^^^^^^^^^^^^^^^^^^^^^^
    |
    = help: for further information visit https://rust-lang.github.io/rust-clippy/rust-1.91.0/index.html#excessive_precision
help: consider changing the type or truncating it to
    |
112 -         0.17444734584181312998,
112 +         0.174_447_345_841_813_12,
    |

error: float has excessive precision
   --> src\integrator_janus.rs:113:9
    |
113 |         0.44318544665428572929,
    |         ^^^^^^^^^^^^^^^^^^^^^^
    |
    = help: for further information visit https://rust-lang.github.io/rust-clippy/rust-1.91.0/index.html#excessive_precision
help: consider changing the type or truncating it to
    |
113 -         0.44318544665428572929,
113 +         0.443_185_446_654_285_7,
    |

error: float has excessive precision
   --> src\integrator_janus.rs:114:10
    |
114 |         -0.81948900568299084419,
    |          ^^^^^^^^^^^^^^^^^^^^^^
    |
    = help: for further information visit https://rust-lang.github.io/rust-clippy/rust-1.91.0/index.html#excessive_precision
help: consider changing the type or truncating it to
    |
114 -         -0.81948900568299084419,
114 +         -0.819_489_005_682_990_9,
    |

error: float has excessive precision
   --> src\integrator_janus.rs:115:9
    |
115 |         0.13382545738489583020,
    |         ^^^^^^^^^^^^^^^^^^^^^^
    |
    = help: for further information visit https://rust-lang.github.io/rust-clippy/rust-1.91.0/index.html#excessive_precision
help: consider changing the type or truncating it to
    |
115 -         0.13382545738489583020,
115 +         0.133_825_457_384_895_82,
    |

error: float has excessive precision
   --> src\integrator_janus.rs:116:9
    |
116 |         0.64509023524410605020,
    |         ^^^^^^^^^^^^^^^^^^^^^^
    |
    = help: for further information visit https://rust-lang.github.io/rust-clippy/rust-1.91.0/index.html#excessive_precision
help: consider changing the type or truncating it to
    |
116 -         0.64509023524410605020,
116 +         0.645_090_235_244_106,
    |

error: float has excessive precision
   --> src\integrator_janus.rs:117:10
    |
117 |         -0.71936337169922060719,
    |          ^^^^^^^^^^^^^^^^^^^^^^
    |
    = help: for further information visit https://rust-lang.github.io/rust-clippy/rust-1.91.0/index.html#excessive_precision
help: consider changing the type or truncating it to
    |
117 -         -0.71936337169922060719,
117 +         -0.719_363_371_699_220_6,
    |

error: float has excessive precision
   --> src\integrator_janus.rs:118:9
    |
118 |         0.20951381813463649682,
    |         ^^^^^^^^^^^^^^^^^^^^^^
    |
    = help: for further information visit https://rust-lang.github.io/rust-clippy/rust-1.91.0/index.html#excessive_precision
help: consider changing the type or truncating it to
    |
118 -         0.20951381813463649682,
118 +         0.209_513_818_134_636_5,
    |

error: float has excessive precision
   --> src\integrator_janus.rs:119:10
    |
119 |         -0.26828113140636051966,
    |          ^^^^^^^^^^^^^^^^^^^^^^
    |
    = help: for further information visit https://rust-lang.github.io/rust-clippy/rust-1.91.0/index.html#excessive_precision
help: consider changing the type or truncating it to
    |
119 -         -0.26828113140636051966,
119 +         -0.268_281_131_406_360_5,
    |

error: float has excessive precision
   --> src\integrator_janus.rs:120:9
    |
120 |         0.83647216092348048955,
    |         ^^^^^^^^^^^^^^^^^^^^^^
    |
    = help: for further information visit https://rust-lang.github.io/rust-clippy/rust-1.91.0/index.html#excessive_precision
help: consider changing the type or truncating it to
    |
120 -         0.83647216092348048955,
120 +         0.836_472_160_923_480_5,
    |

error: manually reimplementing `div_ceil`
   --> src\integrator_janus.rs:126:16
    |
126 |     if stage < (s.stages + 1) / 2 {
    |                ^^^^^^^^^^^^^^^^^^ help: consider using `.div_ceil()`: `s.stages.div_ceil(2)`
    |
    = help: for further information visit https://rust-lang.github.io/rust-clippy/rust-1.91.0/index.html#manual_div_ceil
    = note: `#[deny(clippy::manual_div_ceil)]` implied by `#[deny(warnings)]`

error: float has excessive precision
  --> src\integrator_eos.rs:59:5
   |
59 |     0.0711334264982231177779387300061549964174,
   |     ^^^^^^^^^^^^^^^^^^^^^^^^^^^^^^^^^^^^^^^^^^
   |
   = help: for further information visit https://rust-lang.github.io/rust-clippy/rust-1.91.0/index.html#excessive_precision
help: consider changing the type or truncating it to
   |
59 -     0.0711334264982231177779387300061549964174,
59 +     0.071_133_426_498_223_12,
   |

error: float has excessive precision
  --> src\integrator_eos.rs:60:5
   |
60 |     0.241153427956640098736487795326289649618,
   |     ^^^^^^^^^^^^^^^^^^^^^^^^^^^^^^^^^^^^^^^^^
   |
   = help: for further information visit https://rust-lang.github.io/rust-clippy/rust-1.91.0/index.html#excessive_precision
help: consider changing the type or truncating it to
   |
60 -     0.241153427956640098736487795326289649618,
60 +     0.241_153_427_956_640_1,
   |

error: float has excessive precision
  --> src\integrator_eos.rs:61:5
   |
61 |     0.521411761772814789212136078067994229991,
   |     ^^^^^^^^^^^^^^^^^^^^^^^^^^^^^^^^^^^^^^^^^
   |
   = help: for further information visit https://rust-lang.github.io/rust-clippy/rust-1.91.0/index.html#excessive_precision
help: consider changing the type or truncating it to
   |
61 -     0.521411761772814789212136078067994229991,
61 +     0.521_411_761_772_814_8,
   |

error: float has excessive precision
  --> src\integrator_eos.rs:62:6
   |
62 |     -0.333698616227678005726562603400438876027,
   |      ^^^^^^^^^^^^^^^^^^^^^^^^^^^^^^^^^^^^^^^^^
   |
   = help: for further information visit https://rust-lang.github.io/rust-clippy/rust-1.91.0/index.html#excessive_precision
help: consider changing the type or truncating it to
   |
62 -     -0.333698616227678005726562603400438876027,
62 +     -0.333_698_616_227_678,
   |

error: float has excessive precision
  --> src\integrator_eos.rs:65:5
   |
65 |     0.183083687472197221961703757166430291072,
   |     ^^^^^^^^^^^^^^^^^^^^^^^^^^^^^^^^^^^^^^^^^
   |
   = help: for further information visit https://rust-lang.github.io/rust-clippy/rust-1.91.0/index.html#excessive_precision
help: consider changing the type or truncating it to
   |
65 -     0.183083687472197221961703757166430291072,
65 +     0.183_083_687_472_197_22,
   |

error: float has excessive precision
  --> src\integrator_eos.rs:66:5
   |
66 |     0.310782859898574869507522291054262796375,
   |     ^^^^^^^^^^^^^^^^^^^^^^^^^^^^^^^^^^^^^^^^^
   |
   = help: for further information visit https://rust-lang.github.io/rust-clippy/rust-1.91.0/index.html#excessive_precision
help: consider changing the type or truncating it to
   |
66 -     0.310782859898574869507522291054262796375,
66 +     0.310_782_859_898_574_85,
   |

error: float has excessive precision
  --> src\integrator_eos.rs:67:6
   |
67 |     -0.0265646185119588006972121379164987592663,
   |      ^^^^^^^^^^^^^^^^^^^^^^^^^^^^^^^^^^^^^^^^^^
   |
   = help: for further information visit https://rust-lang.github.io/rust-clippy/rust-1.91.0/index.html#excessive_precision
help: consider changing the type or truncating it to
   |
67 -     -0.0265646185119588006972121379164987592663,
67 +     -0.026_564_618_511_958_8,
   |

error: float has excessive precision
  --> src\integrator_eos.rs:68:5
   |
68 |     0.0653961422823734184559721793911134363710,
   |     ^^^^^^^^^^^^^^^^^^^^^^^^^^^^^^^^^^^^^^^^^^
   |
   = help: for further information visit https://rust-lang.github.io/rust-clippy/rust-1.91.0/index.html#excessive_precision
help: consider changing the type or truncating it to
   |
68 -     0.0653961422823734184559721793911134363710,
68 +     0.065_396_142_282_373_42,
   |

error: float has excessive precision
  --> src\integrator_eos.rs:71:49
   |
71 | const pmlf6_a: [f64; 2] = [-0.0682610383918630, 0.568261038391863038121699];
   |                                                 ^^^^^^^^^^^^^^^^^^^^^^^^^^
   |
   = help: for further information visit https://rust-lang.github.io/rust-clippy/rust-1.91.0/index.html#excessive_precision
help: consider changing the type or truncating it to
   |
71 - const pmlf6_a: [f64; 2] = [-0.0682610383918630, 0.568261038391863038121699];
71 + const pmlf6_a: [f64; 2] = [-0.0682610383918630, 0.568_261_038_391_863];
   |

error: float has excessive precision
  --> src\integrator_eos.rs:72:48
   |
72 | const pmlf6_b: [f64; 2] = [0.2621129352517028, 0.475774129496594366806050];
   |                                                ^^^^^^^^^^^^^^^^^^^^^^^^^^
   |
   = help: for further information visit https://rust-lang.github.io/rust-clippy/rust-1.91.0/index.html#excessive_precision
help: consider changing the type or truncating it to
   |
72 - const pmlf6_b: [f64; 2] = [0.2621129352517028, 0.475774129496594366806050];
72 + const pmlf6_b: [f64; 2] = [0.2621129352517028, 0.475_774_129_496_594_37];
   |

error: float has excessive precision
  --> src\integrator_eos.rs:75:5
   |
75 |     0.07943288242455420,
   |     ^^^^^^^^^^^^^^^^^^^
   |
   = help: for further information visit https://rust-lang.github.io/rust-clippy/rust-1.91.0/index.html#excessive_precision
help: consider changing the type or truncating it to
   |
75 -     0.07943288242455420,
75 +     0.079_432_882_424_554_2,
   |

error: float has excessive precision
  --> src\integrator_eos.rs:80:5
   |
80 |     0.564398710666239478150885,
   |     ^^^^^^^^^^^^^^^^^^^^^^^^^^
   |
   = help: for further information visit https://rust-lang.github.io/rust-clippy/rust-1.91.0/index.html#excessive_precision
help: consider changing the type or truncating it to
   |
80 -     0.564398710666239478150885,
80 +     0.564_398_710_666_239_5,
   |

error: float has excessive precision
  --> src\integrator_eos.rs:85:6
   |
85 |     -0.033542814598338416,
   |      ^^^^^^^^^^^^^^^^^^^^
   |
   = help: for further information visit https://rust-lang.github.io/rust-clippy/rust-1.91.0/index.html#excessive_precision
help: consider changing the type or truncating it to
   |
85 -     -0.033542814598338416,
85 +     -0.033_542_814_598_338_42,
   |

error: float has excessive precision
  --> src\integrator_eos.rs:86:6
   |
86 |     -0.040129915275115030,
   |      ^^^^^^^^^^^^^^^^^^^^
   |
   = help: for further information visit https://rust-lang.github.io/rust-clippy/rust-1.91.0/index.html#excessive_precision
help: consider changing the type or truncating it to
   |
86 -     -0.040129915275115030,
86 +     -0.040_129_915_275_115_03,
   |

error: float has excessive precision
  --> src\integrator_eos.rs:87:5
   |
87 |     0.044579729809902803,
   |     ^^^^^^^^^^^^^^^^^^^^
   |
   = help: for further information visit https://rust-lang.github.io/rust-clippy/rust-1.91.0/index.html#excessive_precision
help: consider changing the type or truncating it to
   |
87 -     0.044579729809902803,
87 +     0.044_579_729_809_902_8,
   |

error: float has excessive precision
  --> src\integrator_eos.rs:88:6
   |
88 |     -0.680252073928462652752103,
   |      ^^^^^^^^^^^^^^^^^^^^^^^^^^
   |
   = help: for further information visit https://rust-lang.github.io/rust-clippy/rust-1.91.0/index.html#excessive_precision
help: consider changing the type or truncating it to
   |
88 -     -0.680252073928462652752103,
88 +     -0.680_252_073_928_462_7,
   |

error: float has excessive precision
  --> src\integrator_eos.rs:91:6
   |
91 |     -0.034841228074994859,
   |      ^^^^^^^^^^^^^^^^^^^^
   |
   = help: for further information visit https://rust-lang.github.io/rust-clippy/rust-1.91.0/index.html#excessive_precision
help: consider changing the type or truncating it to
   |
91 -     -0.034841228074994859,
91 +     -0.034_841_228_074_994_86,
   |

error: float has excessive precision
  --> src\integrator_eos.rs:94:5
   |
94 |     0.004262222269023640,
   |     ^^^^^^^^^^^^^^^^^^^^
   |
   = help: for further information visit https://rust-lang.github.io/rust-clippy/rust-1.91.0/index.html#excessive_precision
help: consider changing the type or truncating it to
   |
94 -     0.004262222269023640,
94 +     0.004_262_222_269_023_64,
   |

error: float has excessive precision
   --> src\integrator_eos.rs:102:52
    |
102 | const plf7_6_4_a: [f64; 2] = [0.5600879810924619, -0.060087981092461900000];
    |                                                    ^^^^^^^^^^^^^^^^^^^^^^^
    |
    = help: for further information visit https://rust-lang.github.io/rust-clippy/rust-1.91.0/index.html#excessive_precision
help: consider changing the type or truncating it to
    |
102 - const plf7_6_4_a: [f64; 2] = [0.5600879810924619, -0.060087981092461900000];
102 + const plf7_6_4_a: [f64; 2] = [0.5600879810924619, -0.060_087_981_092_461_9];
    |

error: float has excessive precision
   --> src\integrator_eos.rs:103:52
    |
103 | const plf7_6_4_b: [f64; 2] = [1.5171479707207228, -2.0342959414414456000];
    |                                                    ^^^^^^^^^^^^^^^^^^^^^
    |
    = help: for further information visit https://rust-lang.github.io/rust-clippy/rust-1.91.0/index.html#excessive_precision
help: consider changing the type or truncating it to
    |
103 - const plf7_6_4_b: [f64; 2] = [1.5171479707207228, -2.0342959414414456000];
103 + const plf7_6_4_b: [f64; 2] = [1.5171479707207228, -2.034_295_941_441_445_4];
    |

error: float has excessive precision
   --> src\integrator_eos.rs:105:6
    |
105 |     -0.3346222298730800,
    |      ^^^^^^^^^^^^^^^^^^
    |
    = help: for further information visit https://rust-lang.github.io/rust-clippy/rust-1.91.0/index.html#excessive_precision
help: consider changing the type or truncating it to
    |
105 -     -0.3346222298730800,
105 +     -0.334_622_229_873_08,
    |

error: float has excessive precision
   --> src\integrator_eos.rs:106:5
    |
106 |     1.0975679907321640,
    |     ^^^^^^^^^^^^^^^^^^
    |
    = help: for further information visit https://rust-lang.github.io/rust-clippy/rust-1.91.0/index.html#excessive_precision
help: consider changing the type or truncating it to
    |
106 -     1.0975679907321640,
106 +     1.097_567_990_732_164,
    |

error: float has excessive precision
   --> src\integrator_eos.rs:107:6
    |
107 |     -1.0380887460967830,
    |      ^^^^^^^^^^^^^^^^^^
    |
    = help: for further information visit https://rust-lang.github.io/rust-clippy/rust-1.91.0/index.html#excessive_precision
help: consider changing the type or truncating it to
    |
107 -     -1.0380887460967830,
107 +     -1.038_088_746_096_783,
    |

error: float has excessive precision
   --> src\integrator_eos.rs:109:6
    |
109 |     -1.1027532063031910,
    |      ^^^^^^^^^^^^^^^^^^
    |
    = help: for further information visit https://rust-lang.github.io/rust-clippy/rust-1.91.0/index.html#excessive_precision
help: consider changing the type or truncating it to
    |
109 -     -1.1027532063031910,
109 +     -1.102_753_206_303_191,
    |

error: float has excessive precision
   --> src\integrator_eos.rs:113:6
    |
113 |     -1.6218101180868010,
    |      ^^^^^^^^^^^^^^^^^^
    |
    = help: for further information visit https://rust-lang.github.io/rust-clippy/rust-1.91.0/index.html#excessive_precision
help: consider changing the type or truncating it to
    |
113 -     -1.6218101180868010,
113 +     -1.621_810_118_086_801,
    |

error: the loop variable `i` is only used to index `particles`
   --> src\integrator_mercurius.rs:190:14
    |
190 |     for i in 0..N_active {
    |              ^^^^^^^^^^^
    |
    = help: for further information visit https://rust-lang.github.io/rust-clippy/rust-1.91.0/index.html#needless_range_loop
help: consider using an iterator
    |
190 -     for i in 0..N_active {
190 +     for <item> in particles.iter().take(N_active) {
    |

error: the loop variable `i` is only used to index `particles`
   --> src\integrator_mercurius.rs:208:14
    |
208 |     for i in 0..N {
    |              ^^^^
    |
    = help: for further information visit https://rust-lang.github.io/rust-clippy/rust-1.91.0/index.html#needless_range_loop
help: consider using an iterator
    |
208 -     for i in 0..N {
208 +     for <item> in particles.iter_mut().take(N) {
    |

error: the loop variable `i` is only used to index `particles`
   --> src\integrator_mercurius.rs:233:14
    |
233 |     for i in 1..N_active {
    |              ^^^^^^^^^^^
    |
    = help: for further information visit https://rust-lang.github.io/rust-clippy/rust-1.91.0/index.html#needless_range_loop
help: consider using an iterator
    |
233 -     for i in 1..N_active {
233 +     for <item> in particles.iter().take(N_active).skip(1) {
    |

error: variable appears on both sides of an assignment operation
   --> src\integrator_mercurius.rs:339:13
    |
339 |             dcritmax2 *= 1.21 * dcritmax2;
    |             ^^^^^^^^^^^^^^^^^^^^^^^^^^^^^
    |
    = help: for further information visit https://rust-lang.github.io/rust-clippy/rust-1.91.0/index.html#misrefactored_assign_op
    = note: `#[deny(clippy::misrefactored_assign_op)]` implied by `#[deny(warnings)]`
help: did you mean `dcritmax2 = dcritmax2 * 1.21` or `dcritmax2 = dcritmax2 * 1.21 * dcritmax2`? Consider replacing it with
    |
339 -             dcritmax2 *= 1.21 * dcritmax2;
339 +             dcritmax2 *= 1.21;
    |
help: or
    |
339 -             dcritmax2 *= 1.21 * dcritmax2;
339 +             dcritmax2 = dcritmax2 * 1.21 * dcritmax2;
    |

error: the loop variable `i` is only used to index `particles`
   --> src\integrator_mercurius.rs:364:14
    |
364 |     for i in 1..N {
    |              ^^^^
    |
    = help: for further information visit https://rust-lang.github.io/rust-clippy/rust-1.91.0/index.html#needless_range_loop
help: consider using an iterator
    |
364 -     for i in 1..N {
364 +     for <item> in particles.iter_mut().take(N).skip(1) {
    |

error: the loop variable `i` is only used to index `particles`
   --> src\integrator_mercurius.rs:388:14
    |
388 |     for i in 1..N_all {
    |              ^^^^^^^^
    |
    = help: for further information visit https://rust-lang.github.io/rust-clippy/rust-1.91.0/index.html#needless_range_loop
help: consider using an iterator
    |
388 -     for i in 1..N_all {
388 +     for <item> in particles.iter_mut().take(N_all).skip(1) {
    |

error: this function has too many arguments (9/7)
   --> src\integrator_bs.rs:224:1
    |
224 | / fn tryStep(
225 | |     r: &mut reb_simulation,
226 | |     bs: &mut reb_integrator_bs_state,
227 | |     odes: &mut [reb_ode],
...   |
233 | |     step: f64,
234 | | ) -> i32 {
    | |________^
    |
    = help: for further information visit https://rust-lang.github.io/rust-clippy/rust-1.91.0/index.html#too_many_arguments

error: the loop variable `s` is only used to index `odes`
   --> src\integrator_bs.rs:242:14
    |
242 |     for s in 0..Ns {
    |              ^^^^^
    |
    = help: for further information visit https://rust-lang.github.io/rust-clippy/rust-1.91.0/index.html#needless_range_loop
help: consider using an iterator
    |
242 -     for s in 0..Ns {
242 +     for <item> in odes.iter_mut().take(Ns) {
    |

error: the loop variable `s` is only used to index `odes`
   --> src\integrator_bs.rs:263:14
    |
263 |     for s in 0..Ns {
    |              ^^^^^
    |
    = help: for further information visit https://rust-lang.github.io/rust-clippy/rust-1.91.0/index.html#needless_range_loop
help: consider using an iterator
    |
263 -     for s in 0..Ns {
263 +     for <item> in odes.iter_mut().take(Ns) {
    |

error: the loop variable `s` is only used to index `odes`
   --> src\integrator_bs.rs:274:18
    |
274 |         for s in 0..Ns {
    |                  ^^^^^
    |
    = help: for further information visit https://rust-lang.github.io/rust-clippy/rust-1.91.0/index.html#needless_range_loop
help: consider using an iterator
    |
274 -         for s in 0..Ns {
274 +         for <item> in odes.iter_mut().take(Ns) {
    |

error: the loop variable `s` is only used to index `odes`
   --> src\integrator_bs.rs:299:22
    |
299 |             for s in 0..Ns {
    |                      ^^^^^
    |
    = help: for further information visit https://rust-lang.github.io/rust-clippy/rust-1.91.0/index.html#needless_range_loop
help: consider using an iterator
    |
299 -             for s in 0..Ns {
299 +             for <item> in odes.iter().take(Ns) {
    |

error: the loop variable `s` is only used to index `odes`
   --> src\integrator_bs.rs:316:14
    |
316 |     for s in 0..Ns {
    |              ^^^^^
    |
    = help: for further information visit https://rust-lang.github.io/rust-clippy/rust-1.91.0/index.html#needless_range_loop
help: consider using an iterator
    |
316 -     for s in 0..Ns {
316 +     for <item> in odes.iter_mut().take(Ns) {
    |

error: writing `&mut Vec` instead of `&mut [_]` involves a new object where a slice will do
   --> src\integrator_bs.rs:415:11
    |
415 |     odes: &mut Vec<reb_ode>,
    |           ^^^^^^^^^^^^^^^^^ help: change this to: `&mut [reb_ode]`
    |
    = help: for further information visit https://rust-lang.github.io/rust-clippy/rust-1.91.0/index.html#ptr_arg
    = note: `#[deny(clippy::ptr_arg)]` implied by `#[deny(warnings)]`

error: the loop variable `s` is only used to index `odes`
   --> src\integrator_bs.rs:444:14
    |
444 |     for s in 0..Ns {
    |              ^^^^^
    |
    = help: for further information visit https://rust-lang.github.io/rust-clippy/rust-1.91.0/index.html#needless_range_loop
help: consider using an iterator
    |
444 -     for s in 0..Ns {
444 +     for <item> in odes.iter().take(Ns) {
    |

error: the loop variable `s` is only used to index `odes`
   --> src\integrator_bs.rs:455:14
    |
455 |     for s in 0..Ns {
    |              ^^^^^
    |
    = help: for further information visit https://rust-lang.github.io/rust-clippy/rust-1.91.0/index.html#needless_range_loop
help: consider using an iterator
    |
455 -     for s in 0..Ns {
455 +     for <item> in odes.iter_mut().take(Ns) {
    |

error: the loop variable `s` is only used to index `odes`
   --> src\integrator_bs.rs:505:22
    |
505 |             for s in 0..Ns {
    |                      ^^^^^
    |
    = help: for further information visit https://rust-lang.github.io/rust-clippy/rust-1.91.0/index.html#needless_range_loop
help: consider using an iterator
    |
505 -             for s in 0..Ns {
505 +             for <item> in odes.iter_mut().take(Ns) {
    |

error: the loop variable `s` is only used to index `odes`
   --> src\integrator_bs.rs:519:26
    |
519 |                 for s in 0..Ns {
    |                          ^^^^^
    |
    = help: for further information visit https://rust-lang.github.io/rust-clippy/rust-1.91.0/index.html#needless_range_loop
help: consider using an iterator
    |
519 -                 for s in 0..Ns {
519 +                 for <item> in odes.iter_mut().take(Ns) {
    |

error: the loop variable `s` is only used to index `odes`
   --> src\integrator_bs.rs:536:26
    |
536 |                 for s in 0..Ns {
    |                          ^^^^^
    |
    = help: for further information visit https://rust-lang.github.io/rust-clippy/rust-1.91.0/index.html#needless_range_loop
help: consider using an iterator
    |
536 -                 for s in 0..Ns {
536 +                 for <item> in odes.iter().take(Ns) {
    |

error: the loop variable `s` is only used to index `odes`
   --> src\integrator_bs.rs:658:18
    |
658 |         for s in 0..Ns {
    |                  ^^^^^
    |
    = help: for further information visit https://rust-lang.github.io/rust-clippy/rust-1.91.0/index.html#needless_range_loop
help: consider using an iterator
    |
658 -         for s in 0..Ns {
658 +         for <item> in odes.iter_mut().take(Ns) {
    |

error: this `else { if .. }` block can be collapsed
   --> src\integrator_bs.rs:710:20
    |
710 |               } else {
    |  ____________________^
711 | |                 if k < bs.target_iter
712 | |                     && bs.cost_per_time_unit[k as usize]
713 | |                         < orderControl2 * bs.cost_per_time_unit[(k - 1) as usize]
...   |
723 | |             }
    | |_____________^
    |
    = help: for further information visit https://rust-lang.github.io/rust-clippy/rust-1.91.0/index.html#collapsible_else_if
    = note: `#[deny(clippy::collapsible_else_if)]` implied by `#[deny(warnings)]`
help: collapse nested if block
    |
710 ~             } else if k < bs.target_iter
711 +                 && bs.cost_per_time_unit[k as usize]
712 +                     < orderControl2 * bs.cost_per_time_unit[(k - 1) as usize]
713 +             {
714 +                 dt = bs.optimal_step[k as usize]
715 +                     * (bs.cost_per_step[(optimalIter + 1) as usize] as f64)
716 +                     / (bs.cost_per_step[k as usize] as f64);
717 +             } else {
718 +                 dt = bs.optimal_step[k as usize]
719 +                     * (bs.cost_per_step[optimalIter as usize] as f64)
720 +                     / (bs.cost_per_step[k as usize] as f64);
721 +             }
    |

error: unneeded late initialization
   --> src\integrator_trace.rs:200:5
    |
200 |     let dmin2: f64;
    |     ^^^^^^^^^^^^^^^
    |
    = help: for further information visit https://rust-lang.github.io/rust-clippy/rust-1.91.0/index.html#needless_late_init
help: move the declaration `dmin2` here and remove the assignments from the branches
    |
200 ~     
201 |     let tmin = -(d as f64) * qv / v2;
202 ~     let dmin2: f64 = if tmin < h2 {
203 |         // minimum is in the window
204 ~         rp - qv * qv / v2
205 |     } else {
206 ~         rp + 2. * (d as f64) * qv * h2 + v2 * h2 * h2
207 ~     };
    |

error: the loop variable `i` is only used to index `particles`
   --> src\integrator_trace.rs:309:14
    |
309 |     for i in 0..N_active {
    |              ^^^^^^^^^^^
    |
    = help: for further information visit https://rust-lang.github.io/rust-clippy/rust-1.91.0/index.html#needless_range_loop
help: consider using an iterator
    |
309 -     for i in 0..N_active {
309 +     for <item> in particles.iter().take(N_active) {
    |

error: the loop variable `i` is only used to index `particles`
   --> src\integrator_trace.rs:327:14
    |
327 |     for i in 0..N {
    |              ^^^^
    |
    = help: for further information visit https://rust-lang.github.io/rust-clippy/rust-1.91.0/index.html#needless_range_loop
help: consider using an iterator
    |
327 -     for i in 0..N {
327 +     for <item> in particles.iter_mut().take(N) {
    |

error: the loop variable `i` is only used to index `particles`
   --> src\integrator_trace.rs:353:14
    |
353 |     for i in 1..N_active {
    |              ^^^^^^^^^^^
    |
    = help: for further information visit https://rust-lang.github.io/rust-clippy/rust-1.91.0/index.html#needless_range_loop
help: consider using an iterator
    |
353 -     for i in 1..N_active {
353 +     for <item> in particles.iter().take(N_active).skip(1) {
    |

error: the loop variable `i` is only used to index `particles`
   --> src\integrator_trace.rs:608:14
    |
608 |     for i in 1..N {
    |              ^^^^
    |
    = help: for further information visit https://rust-lang.github.io/rust-clippy/rust-1.91.0/index.html#needless_range_loop
help: consider using an iterator
    |
608 -     for i in 1..N {
608 +     for <item> in particles.iter_mut().take(N).skip(1) {
    |

error: the loop variable `i` is only used to index `particles`
   --> src\integrator_trace.rs:645:14
    |
645 |     for i in 1..N_all {
    |              ^^^^^^^^
    |
    = help: for further information visit https://rust-lang.github.io/rust-clippy/rust-1.91.0/index.html#needless_range_loop
help: consider using an iterator
    |
645 -     for i in 1..N_all {
645 +     for <item> in particles.iter_mut().take(N_all).skip(1) {
    |

error: call to `std::mem::drop` with a value that does not implement `Drop`. Dropping such a type only extends its contained lifetimes
   --> src\integrator_trace.rs:971:9
    |
971 |         drop(bs); // reb_integrator_bs.free(bs)
    |         ^^^^^^^^
    |
note: argument has type `integrator_bs::reb_integrator_bs_state`
   --> src\integrator_trace.rs:971:14
    |
971 |         drop(bs); // reb_integrator_bs.free(bs)
    |              ^^
    = help: for further information visit https://rust-lang.github.io/rust-clippy/rust-1.91.0/index.html#drop_non_drop
    = note: `#[deny(clippy::drop_non_drop)]` implied by `#[deny(warnings)]`

error: call to `std::mem::drop` with a value that does not implement `Drop`. Dropping such a type only extends its contained lifetimes
    --> src\integrator_trace.rs:1282:17
     |
1282 |                 drop(bs); // reb_integrator_bs.free(bs)
     |                 ^^^^^^^^
     |
note: argument has type `integrator_bs::reb_integrator_bs_state`
    --> src\integrator_trace.rs:1282:22
     |
1282 |                 drop(bs); // reb_integrator_bs.free(bs)
     |                      ^^
     = help: for further information visit https://rust-lang.github.io/rust-clippy/rust-1.91.0/index.html#drop_non_drop

error: field assignment outside of initializer for an instance created with Default::default()
    --> src\derivatives.rs:1217:5
     |
1217 |     np.m = 1.;
     |     ^^^^^^^^^^
     |
note: consider initializing the variable with `types::reb_particle { m: 1., ..Default::default() }` and removing relevant reassignments
    --> src\derivatives.rs:1216:5
     |
1216 |     let mut np = reb_particle::default();
     |     ^^^^^^^^^^^^^^^^^^^^^^^^^^^^^^^^^^^^^
     = help: for further information visit https://rust-lang.github.io/rust-clippy/rust-1.91.0/index.html#field_reassign_with_default

error: the loop variable `j` is only used to index `B`
   --> src\frequency_analysis.rs:266:22
    |
266 |             for j in 0..m {
    |                      ^^^^
    |
    = help: for further information visit https://rust-lang.github.io/rust-clippy/rust-1.91.0/index.html#needless_range_loop
help: consider using an iterator
    |
266 -             for j in 0..m {
266 +             for <item> in B.iter().take(m) {
    |

error: manual implementation of an assign operation
   --> src\frequency_analysis.rs:277:17
    |
277 |                 alpha[m * nfreq + k] = alpha[m * nfreq + m] * alpha[m * nfreq + k];
    |                 ^^^^^^^^^^^^^^^^^^^^^^^^^^^^^^^^^^^^^^^^^^^^^^^^^^^^^^^^^^^^^^^^^^ help: replace it with: `alpha[m * nfreq + k] *= alpha[m * nfreq + m]`
    |
    = help: for further information visit https://rust-lang.github.io/rust-clippy/rust-1.91.0/index.html#assign_op_pattern

error: manual implementation of an assign operation
   --> src\frequency_analysis.rs:448:13
    |
448 |             wr = wtemp * wpr - wi * wpi + wr; /* trig. recurrence */
    |             ^^^^^^^^^^^^^^^^^^^^^^^^^^^^^^^^ help: replace it with: `wr += wtemp * wpr - wi * wpi`
    |
    = help: for further information visit https://rust-lang.github.io/rust-clippy/rust-1.91.0/index.html#assign_op_pattern

error: float has excessive precision
   --> src\frequency_analysis.rs:499:18
    |
499 |     let gold_r = 0.6180339887498948482_f64;
    |                  ^^^^^^^^^^^^^^^^^^^^^^^^^
    |
    = help: for further information visit https://rust-lang.github.io/rust-clippy/rust-1.91.0/index.html#excessive_precision
help: consider changing the type or truncating it to
    |
499 -     let gold_r = 0.6180339887498948482_f64;
499 +     let gold_r = 0.618_033_988_749_894_9_f64;
    |

error: it looks like you're manually copying between slices
   --> src\frequency_analysis.rs:574:5
    |
574 | /     for i in 1..(n - 1) {
575 | |         xdata2[i] = xdata[i];
576 | |         ydata2[i] = ydata[i];
577 | |     }
    | |_____^
    |
    = help: for further information visit https://rust-lang.github.io/rust-clippy/rust-1.91.0/index.html#manual_memcpy
    = note: `#[deny(clippy::manual_memcpy)]` implied by `#[deny(warnings)]`
help: try replacing the loop by
    |
574 ~     xdata2[1..(n - 1)].copy_from_slice(&xdata[1..(n - 1)]);
575 +     ydata2[1..(n - 1)].copy_from_slice(&ydata[1..(n - 1)]);
    |

error: field assignment outside of initializer for an instance created with Default::default()
   --> src\binarydata.rs:194:5
    |
194 |     p.x = read_f64_le(d, 0);
    |     ^^^^^^^^^^^^^^^^^^^^^^^^
    |
note: consider initializing the variable with `types::reb_particle { x: read_f64_le(d, 0), y: read_f64_le(d, 8), z: read_f64_le(d, 16), vx: read_f64_le(d, 24), vy: read_f64_le(d, 32), vz: read_f64_le(d, 40), ax: read_f64_le(d, 48), ay: read_f64_le(d, 56), az: read_f64_le(d, 64), m: read_f64_le(d, 72), r: read_f64_le(d, 80), ..Default::default() }` and removing relevant reassignments
   --> src\binarydata.rs:193:5
    |
193 |     let mut p = reb_particle::default();
    |     ^^^^^^^^^^^^^^^^^^^^^^^^^^^^^^^^^^^^
    = help: for further information visit https://rust-lang.github.io/rust-clippy/rust-1.91.0/index.html#field_reassign_with_default

error: casting to the same type is unnecessary (`i32` -> `i32`)
   --> src\binarydata.rs:297:45
    |
297 |             push_field_i32(buf, &n("type"), s.type_ as i32);
    |                                             ^^^^^^^^^^^^^^ help: try: `s.type_`
    |
    = help: for further information visit https://rust-lang.github.io/rust-clippy/rust-1.91.0/index.html#unnecessary_cast
    = note: `#[deny(clippy::unnecessary_cast)]` implied by `#[deny(warnings)]`

error: using `SeekFrom::Current` to start from current position
    --> src\binarydata.rs:1159:25
     |
1159 |                 let _ = inf.seek(SeekFrom::Current(0));
     |                         ^^^^^^^^^^^^^^^^^^^^^^^^^^^^^^ help: replace with: `inf.stream_position()`
     |
     = help: for further information visit https://rust-lang.github.io/rust-clippy/rust-1.91.0/index.html#seek_from_current
     = note: `#[deny(clippy::seek_from_current)]` implied by `#[deny(warnings)]`

error: this loop could be written as a `while let` loop
    --> src\binarydata.rs:1343:5
     |
1343 | /     loop {
1344 | |         let f1 = match it1.next_field() {
1345 | |             Some(f) => f,
1346 | |             None => break,
...    |
1433 | |         it2.pos = f2.data_pos + f2.size_data;
1434 | |     }
     | |_____^
     |
     = help: for further information visit https://rust-lang.github.io/rust-clippy/rust-1.91.0/index.html#while_let_loop
     = note: `#[deny(clippy::while_let_loop)]` implied by `#[deny(warnings)]`
help: try
     |
1343 ~     while let Some(f) = it1.next_field() {
1344 +         let f1 = f;
1345 +         ..
1346 +     }
     |

error: this loop could be written as a `while let` loop
    --> src\binarydata.rs:1439:5
     |
1439 | /     loop {
1440 | |         let f2 = match it2.next_field() {
1441 | |             Some(f) => f,
1442 | |             None => break,
...    |
1496 | |         it2.pos = f2.data_pos + f2.size_data;
1497 | |     }
     | |_____^
     |
     = help: for further information visit https://rust-lang.github.io/rust-clippy/rust-1.91.0/index.html#while_let_loop
help: try
     |
1439 ~     while let Some(f) = it2.next_field() {
1440 +         let f2 = f;
1441 +         ..
1442 +     }
     |

error: the loop variable `c` is used to index `readbuf`
   --> src\simulationarchive.rs:155:22
    |
155 |             for c in 0..bufsize {
    |                      ^^^^^^^^^^
    |
    = help: for further information visit https://rust-lang.github.io/rust-clippy/rust-1.91.0/index.html#needless_range_loop
help: consider using an iterator and enumerate()
    |
155 -             for c in 0..bufsize {
155 +             for (c, <item>) in readbuf.iter().enumerate().take(bufsize) {
    |

error: using `SeekFrom::Current` to start from current position
   --> src\simulationarchive.rs:268:20
    |
268 |         let here = inf.seek(SeekFrom::Current(0)).unwrap_or(0);
    |                    ^^^^^^^^^^^^^^^^^^^^^^^^^^^^^^ help: replace with: `inf.stream_position()`
    |
    = help: for further information visit https://rust-lang.github.io/rust-clippy/rust-1.91.0/index.html#seek_from_current

error: using `SeekFrom::Current` to start from current position
   --> src\simulationarchive.rs:327:24
    |
327 |             let here = inf.seek(SeekFrom::Current(0)).unwrap_or(0);
    |                        ^^^^^^^^^^^^^^^^^^^^^^^^^^^^^^ help: replace with: `inf.stream_position()`
    |
    = help: for further information visit https://rust-lang.github.io/rust-clippy/rust-1.91.0/index.html#seek_from_current

error: field assignment outside of initializer for an instance created with Default::default()
   --> src\simulationarchive.rs:397:5
    |
397 |     sa.inf = Some(Box::new(Cursor::new(buffer.to_vec())));
    |     ^^^^^^^^^^^^^^^^^^^^^^^^^^^^^^^^^^^^^^^^^^^^^^^^^^^^^^
    |
note: consider initializing the variable with `simulationarchive::reb_simulationarchive { inf: Some(Box::new(Cursor::new(buffer.to_vec()))), filename: None, ..Default::default() }` and removing relevant reassignments
   --> src\simulationarchive.rs:396:5
    |
396 |     let mut sa = reb_simulationarchive::default();
    |     ^^^^^^^^^^^^^^^^^^^^^^^^^^^^^^^^^^^^^^^^^^^^^^
    = help: for further information visit https://rust-lang.github.io/rust-clippy/rust-1.91.0/index.html#field_reassign_with_default

error: this `if` statement can be collapsed
   --> src\simulationarchive.rs:516:9
    |
516 | /         if r.simulationarchive_auto_step != 0 {
517 | |             if r.simulationarchive_next_step <= r.steps_done {
518 | |                 r.simulationarchive_next_step += r.simulationarchive_auto_step;
...   |
522 | |         }
    | |_________^
    |
    = help: for further information visit https://rust-lang.github.io/rust-clippy/rust-1.91.0/index.html#collapsible_if
    = note: `#[deny(clippy::collapsible_if)]` implied by `#[deny(warnings)]`
help: collapse nested if block
    |
516 ~         if r.simulationarchive_auto_step != 0
517 ~             && r.simulationarchive_next_step <= r.steps_done {
518 |                 r.simulationarchive_next_step += r.simulationarchive_auto_step;
519 |                 // Snap
520 |                 reb_simulation_save_to_file(r, None);
521 ~             }
    |

error: this `if` statement can be collapsed
   --> src\simulationarchive.rs:523:9
    |
523 | /         if r.simulationarchive_auto_walltime != 0. {
524 | |             if r.simulationarchive_next <= r.walltime {
525 | |                 r.simulationarchive_next += r.simulationarchive_auto_walltime;
...   |
529 | |         }
    | |_________^
    |
    = help: for further information visit https://rust-lang.github.io/rust-clippy/rust-1.91.0/index.html#collapsible_if
help: collapse nested if block
    |
523 ~         if r.simulationarchive_auto_walltime != 0.
524 ~             && r.simulationarchive_next <= r.walltime {
525 |                 r.simulationarchive_next += r.simulationarchive_auto_walltime;
526 |                 // Snap
527 |                 reb_simulation_save_to_file(r, None);
528 ~             }
    |

error: could not compile `rebound_rs` (lib) due to 465 previous errors
warning: build failed, waiting for other jobs to finish...
error: could not compile `rebound_rs` (lib test) due to 465 previous errors
